firm_id,state,industry,year,interest_rate,direct_fdi,backward_spillover,forward_spillover,bartik_iv,log_assets,leverage
IND_FIRM_0001,State_2,Textiles,2018,3.666,55.403,3.827,2.655,0.0873,4.652,0.373
IND_FIRM_0002,State_2,Textiles,2018,5.011,55.403,3.827,2.655,0.0873,4.715,0.397
IND_FIRM_0003,State_4,Electronics,2018,7.643,16.38,16.493,14.678,0.0081,6.522,0.328
IND_FIRM_0004,State_2,Textiles,2018,3.478,55.403,3.827,2.655,0.0873,4.364,0.453
IND_FIRM_0005,State_2,Chemicals,2018,5.448,11.72,10.742,14.8,0.0015,4.998,0.477
IND_FIRM_0006,State_4,Chemicals,2018,4.968,12.154,13.631,11.874,0.0051,4.731,0.369
IND_FIRM_0007,State_4,Automotive,2018,3.83,48.45,6.66,8.087,0.0365,4.673,0.349
IND_FIRM_0008,State_1,Textiles,2018,7.22,17.579,7.247,4.969,0.0167,5.262,0.399
IND_FIRM_0009,State_5,Electronics,2018,6.425,30.279,8.979,9.328,0.0303,5.526,0.456
IND_FIRM_0010,State_5,Chemicals,2018,6.587,25.267,10.133,9.639,0.0174,5.212,0.399
IND_FIRM_0011,State_2,Chemicals,2018,4.77,11.72,10.742,14.8,0.0015,4.694,0.358
IND_FIRM_0012,State_5,Electronics,2018,7.708,30.279,8.979,9.328,0.0303,6.326,0.365
IND_FIRM_0013,State_2,Electronics,2018,4.918,14.584,8.463,8.296,0.0058,4.307,0.415
IND_FIRM_0014,State_1,Chemicals,2018,4.239,22.78,10.586,9.653,0.0143,4.523,0.418
IND_FIRM_0015,State_4,Chemicals,2018,5.515,12.154,13.631,11.874,0.0051,4.867,0.471
IND_FIRM_0016,State_4,Electronics,2018,4.59,16.38,16.493,14.678,0.0081,5.246,0.38
IND_FIRM_0017,State_4,Chemicals,2018,6.276,12.154,13.631,11.874,0.0051,5.357,0.421
IND_FIRM_0018,State_5,Automotive,2018,5.945,18.286,12.327,15.104,0.0089,5.999,0.412
IND_FIRM_0019,State_1,Automotive,2018,4.883,15.114,13.972,17.046,0.0041,5.198,0.394
IND_FIRM_0020,State_5,Electronics,2018,4.985,30.279,8.979,9.328,0.0303,4.801,0.319
IND_FIRM_0021,State_5,Textiles,2018,5.977,19.342,7.482,4.955,0.0179,4.392,0.376
IND_FIRM_0022,State_1,Electronics,2018,5.21,38.704,7.691,8.074,0.0432,5.328,0.352
IND_FIRM_0023,State_1,Electronics,2018,5.301,38.704,7.691,8.074,0.0432,4.391,0.377
IND_FIRM_0024,State_1,Textiles,2018,6.382,17.579,7.247,4.969,0.0167,4.75,0.4
IND_FIRM_0025,State_1,Textiles,2018,6.264,17.579,7.247,4.969,0.0167,5.561,0.297
IND_FIRM_0026,State_4,Textiles,2018,8.322,14.844,5.672,4.457,0.0087,5.653,0.452
IND_FIRM_0027,State_3,Automotive,2018,3.541,18.824,8.846,10.345,0.008,3.858,0.425
IND_FIRM_0028,State_3,Chemicals,2018,5.675,8.544,11.387,13.778,0.0002,5.006,0.35
IND_FIRM_0029,State_1,Automotive,2018,4.394,15.114,13.972,17.046,0.0041,4.482,0.43
IND_FIRM_0030,State_3,Chemicals,2018,7.011,8.544,11.387,13.778,0.0002,5.353,0.336
IND_FIRM_0031,State_3,Automotive,2018,5.352,18.824,8.846,10.345,0.008,4.681,0.426
IND_FIRM_0032,State_1,Chemicals,2018,6.963,22.78,10.586,9.653,0.0143,5.683,0.372
IND_FIRM_0033,State_3,Automotive,2018,5.18,18.824,8.846,10.345,0.008,4.546,0.417
IND_FIRM_0034,State_5,Textiles,2018,4.121,19.342,7.482,4.955,0.0179,4.126,0.424
IND_FIRM_0035,State_2,Electronics,2018,7.221,14.584,8.463,8.296,0.0058,5.626,0.332
IND_FIRM_0036,State_2,Automotive,2018,5.245,15.07,8.174,9.489,0.0035,4.523,0.449
IND_FIRM_0037,State_1,Chemicals,2018,3.64,22.78,10.586,9.653,0.0143,4.37,0.379
IND_FIRM_0038,State_4,Textiles,2018,6.761,14.844,5.672,4.457,0.0087,5.056,0.379
IND_FIRM_0039,State_1,Automotive,2018,4.427,15.114,13.972,17.046,0.0041,4.985,0.385
IND_FIRM_0040,State_4,Automotive,2018,5.537,48.45,6.66,8.087,0.0365,5.656,0.478
IND_FIRM_0041,State_2,Textiles,2018,5.8,55.403,3.827,2.655,0.0873,5.738,0.3
IND_FIRM_0042,State_1,Automotive,2018,4.846,15.114,13.972,17.046,0.0041,5.131,0.365
IND_FIRM_0043,State_5,Electronics,2018,3.488,30.279,8.979,9.328,0.0303,4.753,0.441
IND_FIRM_0044,State_3,Automotive,2018,5.842,18.824,8.846,10.345,0.008,4.819,0.431
IND_FIRM_0045,State_4,Electronics,2018,4.314,16.38,16.493,14.678,0.0081,4.965,0.379
IND_FIRM_0046,State_3,Electronics,2018,6.193,21.447,8.704,8.19,0.0178,5.16,0.427
IND_FIRM_0047,State_3,Textiles,2018,4.934,44.051,3.722,2.868,0.0646,4.655,0.516
IND_FIRM_0048,State_1,Automotive,2018,3.758,15.114,13.972,17.046,0.0041,4.939,0.486
IND_FIRM_0049,State_3,Textiles,2018,6.61,44.051,3.722,2.868,0.0646,5.274,0.363
IND_FIRM_0050,State_5,Automotive,2018,6.186,18.286,12.327,15.104,0.0089,5.441,0.394
IND_FIRM_0051,State_3,Automotive,2018,6.781,18.824,8.846,10.345,0.008,5.746,0.355
IND_FIRM_0052,State_1,Chemicals,2018,4.898,22.78,10.586,9.653,0.0143,5.056,0.434
IND_FIRM_0053,State_5,Automotive,2018,4.79,18.286,12.327,15.104,0.0089,4.606,0.412
IND_FIRM_0054,State_2,Textiles,2018,5.491,55.403,3.827,2.655,0.0873,5.303,0.424
IND_FIRM_0055,State_3,Electronics,2018,4.209,21.447,8.704,8.19,0.0178,4.313,0.377
IND_FIRM_0056,State_1,Automotive,2018,4.112,15.114,13.972,17.046,0.0041,4.422,0.321
IND_FIRM_0057,State_2,Chemicals,2018,6.935,11.72,10.742,14.8,0.0015,5.922,0.423
IND_FIRM_0058,State_2,Textiles,2018,5.498,55.403,3.827,2.655,0.0873,5.124,0.426
IND_FIRM_0059,State_4,Automotive,2018,4.568,48.45,6.66,8.087,0.0365,4.94,0.426
IND_FIRM_0060,State_5,Textiles,2018,6.921,19.342,7.482,4.955,0.0179,5.177,0.377
IND_FIRM_0061,State_3,Chemicals,2018,7.13,8.544,11.387,13.778,0.0002,5.654,0.398
IND_FIRM_0062,State_1,Chemicals,2018,4.899,22.78,10.586,9.653,0.0143,5.271,0.383
IND_FIRM_0063,State_4,Textiles,2018,6.355,14.844,5.672,4.457,0.0087,4.281,0.397
IND_FIRM_0064,State_5,Automotive,2018,3.992,18.286,12.327,15.104,0.0089,4.825,0.399
IND_FIRM_0065,State_4,Electronics,2018,5.027,16.38,16.493,14.678,0.0081,4.904,0.397
IND_FIRM_0066,State_5,Chemicals,2018,6.028,25.267,10.133,9.639,0.0174,5.595,0.339
IND_FIRM_0067,State_5,Automotive,2018,6.264,18.286,12.327,15.104,0.0089,5.555,0.387
IND_FIRM_0068,State_3,Automotive,2018,6.47,18.824,8.846,10.345,0.008,5.431,0.359
IND_FIRM_0069,State_5,Electronics,2018,3.387,30.279,8.979,9.328,0.0303,4.187,0.367
IND_FIRM_0070,State_4,Chemicals,2018,5.631,12.154,13.631,11.874,0.0051,5.24,0.499
IND_FIRM_0071,State_5,Chemicals,2018,3.972,25.267,10.133,9.639,0.0174,4.445,0.439
IND_FIRM_0072,State_3,Automotive,2018,4.729,18.824,8.846,10.345,0.008,4.985,0.379
IND_FIRM_0073,State_3,Automotive,2018,6.201,18.824,8.846,10.345,0.008,5.079,0.4
IND_FIRM_0074,State_4,Electronics,2018,5.3,16.38,16.493,14.678,0.0081,5.59,0.356
IND_FIRM_0075,State_2,Electronics,2018,4.881,14.584,8.463,8.296,0.0058,4.356,0.4
IND_FIRM_0076,State_2,Chemicals,2018,3.44,11.72,10.742,14.8,0.0015,3.599,0.378
IND_FIRM_0077,State_5,Textiles,2018,6.336,19.342,7.482,4.955,0.0179,4.63,0.389
IND_FIRM_0078,State_1,Chemicals,2018,7.148,22.78,10.586,9.653,0.0143,6.379,0.402
IND_FIRM_0079,State_5,Automotive,2018,4.53,18.286,12.327,15.104,0.0089,4.579,0.391
IND_FIRM_0080,State_4,Chemicals,2018,5.617,12.154,13.631,11.874,0.0051,5.306,0.46
IND_FIRM_0081,State_4,Textiles,2018,8.784,14.844,5.672,4.457,0.0087,5.763,0.411
IND_FIRM_0082,State_4,Electronics,2018,4.958,16.38,16.493,14.678,0.0081,5.313,0.474
IND_FIRM_0083,State_4,Textiles,2018,6.93,14.844,5.672,4.457,0.0087,5.156,0.375
IND_FIRM_0084,State_4,Textiles,2018,7.432,14.844,5.672,4.457,0.0087,5.025,0.326
IND_FIRM_0085,State_3,Textiles,2018,6.321,44.051,3.722,2.868,0.0646,5.035,0.385
IND_FIRM_0086,State_2,Electronics,2018,4.782,14.584,8.463,8.296,0.0058,4.274,0.447
IND_FIRM_0087,State_4,Textiles,2018,5.864,14.844,5.672,4.457,0.0087,4.079,0.381
IND_FIRM_0088,State_1,Textiles,2018,8.005,17.579,7.247,4.969,0.0167,6.072,0.464
IND_FIRM_0089,State_1,Textiles,2018,6.462,17.579,7.247,4.969,0.0167,5.383,0.484
IND_FIRM_0090,State_1,Automotive,2018,5.094,15.114,13.972,17.046,0.0041,4.879,0.425
IND_FIRM_0091,State_1,Textiles,2018,6.284,17.579,7.247,4.969,0.0167,4.836,0.342
IND_FIRM_0092,State_3,Electronics,2018,5.664,21.447,8.704,8.19,0.0178,5.506,0.39
IND_FIRM_0093,State_1,Textiles,2018,8.721,17.579,7.247,4.969,0.0167,6.311,0.387
IND_FIRM_0094,State_4,Textiles,2018,7.317,14.844,5.672,4.457,0.0087,5.323,0.4
IND_FIRM_0095,State_5,Electronics,2018,4.456,30.279,8.979,9.328,0.0303,4.949,0.401
IND_FIRM_0096,State_1,Textiles,2018,6.574,17.579,7.247,4.969,0.0167,4.726,0.434
IND_FIRM_0097,State_3,Electronics,2018,6.857,21.447,8.704,8.19,0.0178,5.517,0.399
IND_FIRM_0098,State_3,Textiles,2018,5.334,44.051,3.722,2.868,0.0646,4.715,0.334
IND_FIRM_0099,State_1,Electronics,2018,6.139,38.704,7.691,8.074,0.0432,5.886,0.459
IND_FIRM_0100,State_5,Textiles,2018,3.657,19.342,7.482,4.955,0.0179,4.202,0.412
IND_FIRM_0101,State_1,Textiles,2018,6.443,17.579,7.247,4.969,0.0167,4.761,0.427
IND_FIRM_0102,State_3,Automotive,2018,6.254,18.824,8.846,10.345,0.008,5.48,0.351
IND_FIRM_0103,State_2,Automotive,2018,7.343,15.07,8.174,9.489,0.0035,5.687,0.343
IND_FIRM_0104,State_4,Textiles,2018,6.444,14.844,5.672,4.457,0.0087,4.488,0.352
IND_FIRM_0105,State_3,Textiles,2018,4.597,44.051,3.722,2.868,0.0646,3.959,0.347
IND_FIRM_0106,State_1,Chemicals,2018,4.743,22.78,10.586,9.653,0.0143,4.706,0.291
IND_FIRM_0107,State_4,Electronics,2018,3.592,16.38,16.493,14.678,0.0081,4.098,0.479
IND_FIRM_0108,State_1,Chemicals,2018,5.196,22.78,10.586,9.653,0.0143,5.159,0.388
IND_FIRM_0109,State_1,Automotive,2018,4.474,15.114,13.972,17.046,0.0041,5.44,0.387
IND_FIRM_0110,State_2,Automotive,2018,4.5,15.07,8.174,9.489,0.0035,4.713,0.496
IND_FIRM_0111,State_4,Automotive,2018,5.967,48.45,6.66,8.087,0.0365,5.277,0.458
IND_FIRM_0112,State_4,Automotive,2018,4.867,48.45,6.66,8.087,0.0365,5.145,0.367
IND_FIRM_0113,State_2,Textiles,2018,6.485,55.403,3.827,2.655,0.0873,4.986,0.45
IND_FIRM_0114,State_3,Automotive,2018,3.494,18.824,8.846,10.345,0.008,3.909,0.389
IND_FIRM_0115,State_1,Textiles,2018,4.999,17.579,7.247,4.969,0.0167,4.529,0.434
IND_FIRM_0116,State_5,Textiles,2018,6.712,19.342,7.482,4.955,0.0179,5.188,0.432
IND_FIRM_0117,State_1,Automotive,2018,3.986,15.114,13.972,17.046,0.0041,4.84,0.315
IND_FIRM_0118,State_1,Automotive,2018,4.456,15.114,13.972,17.046,0.0041,4.636,0.329
IND_FIRM_0119,State_3,Electronics,2018,5.881,21.447,8.704,8.19,0.0178,4.621,0.403
IND_FIRM_0120,State_1,Chemicals,2018,5.573,22.78,10.586,9.653,0.0143,5.005,0.43
IND_FIRM_0121,State_2,Automotive,2018,5.717,15.07,8.174,9.489,0.0035,4.439,0.395
IND_FIRM_0122,State_2,Electronics,2018,6.158,14.584,8.463,8.296,0.0058,4.5,0.394
IND_FIRM_0123,State_4,Electronics,2018,4.114,16.38,16.493,14.678,0.0081,4.68,0.354
IND_FIRM_0124,State_5,Chemicals,2018,5.811,25.267,10.133,9.639,0.0174,5.408,0.41
IND_FIRM_0125,State_1,Textiles,2018,5.825,17.579,7.247,4.969,0.0167,5.014,0.379
IND_FIRM_0126,State_1,Automotive,2018,4.456,15.114,13.972,17.046,0.0041,5.017,0.47
IND_FIRM_0127,State_3,Chemicals,2018,8.091,8.544,11.387,13.778,0.0002,6.305,0.338
IND_FIRM_0128,State_2,Automotive,2018,4.327,15.07,8.174,9.489,0.0035,4.496,0.387
IND_FIRM_0129,State_5,Electronics,2018,6.685,30.279,8.979,9.328,0.0303,5.672,0.377
IND_FIRM_0130,State_4,Electronics,2018,1.725,16.38,16.493,14.678,0.0081,3.448,0.437
IND_FIRM_0131,State_2,Textiles,2018,3.504,55.403,3.827,2.655,0.0873,3.977,0.404
IND_FIRM_0132,State_4,Electronics,2018,3.071,16.38,16.493,14.678,0.0081,4.294,0.365
IND_FIRM_0133,State_3,Electronics,2018,4.51,21.447,8.704,8.19,0.0178,4.615,0.539
IND_FIRM_0134,State_3,Chemicals,2018,5.809,8.544,11.387,13.778,0.0002,5.178,0.488
IND_FIRM_0135,State_1,Automotive,2018,4.733,15.114,13.972,17.046,0.0041,4.892,0.396
IND_FIRM_0136,State_5,Automotive,2018,5.179,18.286,12.327,15.104,0.0089,5.227,0.344
IND_FIRM_0137,State_4,Chemicals,2018,5.072,12.154,13.631,11.874,0.0051,5.205,0.396
IND_FIRM_0138,State_2,Textiles,2018,5.471,55.403,3.827,2.655,0.0873,5.138,0.424
IND_FIRM_0139,State_3,Automotive,2018,6.243,18.824,8.846,10.345,0.008,5.649,0.354
IND_FIRM_0140,State_1,Electronics,2018,3.481,38.704,7.691,8.074,0.0432,4.265,0.411
IND_FIRM_0141,State_1,Automotive,2018,4.38,15.114,13.972,17.046,0.0041,4.807,0.366
IND_FIRM_0142,State_4,Electronics,2018,4.735,16.38,16.493,14.678,0.0081,4.771,0.401
IND_FIRM_0143,State_3,Textiles,2018,6.414,44.051,3.722,2.868,0.0646,5.505,0.382
IND_FIRM_0144,State_5,Chemicals,2018,4.262,25.267,10.133,9.639,0.0174,4.686,0.45
IND_FIRM_0145,State_3,Automotive,2018,5.92,18.824,8.846,10.345,0.008,5.108,0.402
IND_FIRM_0146,State_4,Chemicals,2018,5.189,12.154,13.631,11.874,0.0051,5.212,0.421
IND_FIRM_0147,State_4,Automotive,2018,3.924,48.45,6.66,8.087,0.0365,4.595,0.433
IND_FIRM_0148,State_3,Electronics,2018,4.763,21.447,8.704,8.19,0.0178,4.695,0.433
IND_FIRM_0149,State_4,Chemicals,2018,5.026,12.154,13.631,11.874,0.0051,4.902,0.408
IND_FIRM_0150,State_3,Automotive,2018,5.64,18.824,8.846,10.345,0.008,5.039,0.402
IND_FIRM_0151,State_2,Electronics,2018,6.618,14.584,8.463,8.296,0.0058,5.48,0.474
IND_FIRM_0152,State_3,Chemicals,2018,4.296,8.544,11.387,13.778,0.0002,4.48,0.375
IND_FIRM_0153,State_3,Chemicals,2018,5.59,8.544,11.387,13.778,0.0002,4.664,0.448
IND_FIRM_0154,State_4,Automotive,2018,4.534,48.45,6.66,8.087,0.0365,5.247,0.42
IND_FIRM_0155,State_4,Automotive,2018,4.813,48.45,6.66,8.087,0.0365,5.374,0.462
IND_FIRM_0156,State_1,Automotive,2018,3.078,15.114,13.972,17.046,0.0041,4.43,0.449
IND_FIRM_0157,State_1,Electronics,2018,5.06,38.704,7.691,8.074,0.0432,5.004,0.385
IND_FIRM_0158,State_2,Automotive,2018,5.551,15.07,8.174,9.489,0.0035,5.279,0.456
IND_FIRM_0159,State_1,Chemicals,2018,7.11,22.78,10.586,9.653,0.0143,5.803,0.446
IND_FIRM_0160,State_3,Chemicals,2018,4.643,8.544,11.387,13.778,0.0002,4.571,0.361
IND_FIRM_0161,State_4,Automotive,2018,3.817,48.45,6.66,8.087,0.0365,4.591,0.438
IND_FIRM_0162,State_1,Automotive,2018,3.923,15.114,13.972,17.046,0.0041,4.806,0.446
IND_FIRM_0163,State_1,Textiles,2018,4.431,17.579,7.247,4.969,0.0167,4.371,0.315
IND_FIRM_0164,State_2,Chemicals,2018,7.514,11.72,10.742,14.8,0.0015,5.64,0.449
IND_FIRM_0165,State_2,Electronics,2018,5.086,14.584,8.463,8.296,0.0058,4.186,0.41
IND_FIRM_0166,State_3,Textiles,2018,3.866,44.051,3.722,2.868,0.0646,4.62,0.438
IND_FIRM_0167,State_4,Automotive,2018,5.966,48.45,6.66,8.087,0.0365,5.62,0.355
IND_FIRM_0168,State_2,Automotive,2018,4.347,15.07,8.174,9.489,0.0035,4.036,0.435
IND_FIRM_0169,State_1,Chemicals,2018,6.199,22.78,10.586,9.653,0.0143,5.556,0.376
IND_FIRM_0170,State_4,Automotive,2018,3.201,48.45,6.66,8.087,0.0365,4.361,0.374
IND_FIRM_0171,State_4,Electronics,2018,5.665,16.38,16.493,14.678,0.0081,5.246,0.376
IND_FIRM_0172,State_1,Chemicals,2018,3.141,22.78,10.586,9.653,0.0143,4.125,0.341
IND_FIRM_0173,State_2,Automotive,2018,4.587,15.07,8.174,9.489,0.0035,4.304,0.415
IND_FIRM_0174,State_1,Chemicals,2018,4.689,22.78,10.586,9.653,0.0143,4.744,0.384
IND_FIRM_0175,State_4,Automotive,2018,5.504,48.45,6.66,8.087,0.0365,5.555,0.451
IND_FIRM_0176,State_5,Automotive,2018,5.1,18.286,12.327,15.104,0.0089,5.115,0.537
IND_FIRM_0177,State_5,Automotive,2018,4.085,18.286,12.327,15.104,0.0089,5.127,0.364
IND_FIRM_0178,State_3,Electronics,2018,7.276,21.447,8.704,8.19,0.0178,6.094,0.353
IND_FIRM_0179,State_1,Electronics,2018,7.859,38.704,7.691,8.074,0.0432,5.875,0.451
IND_FIRM_0180,State_1,Chemicals,2018,5.855,22.78,10.586,9.653,0.0143,5.285,0.27
IND_FIRM_0181,State_3,Automotive,2018,5.153,18.824,8.846,10.345,0.008,4.984,0.435
IND_FIRM_0182,State_3,Automotive,2018,5.627,18.824,8.846,10.345,0.008,4.77,0.414
IND_FIRM_0183,State_3,Electronics,2018,3.711,21.447,8.704,8.19,0.0178,4.312,0.292
IND_FIRM_0184,State_4,Automotive,2018,4.428,48.45,6.66,8.087,0.0365,4.872,0.371
IND_FIRM_0185,State_1,Electronics,2018,3.338,38.704,7.691,8.074,0.0432,4.402,0.369
IND_FIRM_0186,State_4,Automotive,2018,6.074,48.45,6.66,8.087,0.0365,5.351,0.396
IND_FIRM_0187,State_3,Chemicals,2018,7.434,8.544,11.387,13.778,0.0002,5.826,0.406
IND_FIRM_0188,State_1,Automotive,2018,4.788,15.114,13.972,17.046,0.0041,5.355,0.455
IND_FIRM_0189,State_4,Automotive,2018,3.906,48.45,6.66,8.087,0.0365,4.49,0.303
IND_FIRM_0190,State_4,Textiles,2018,7.318,14.844,5.672,4.457,0.0087,5.418,0.485
IND_FIRM_0191,State_3,Electronics,2018,7.324,21.447,8.704,8.19,0.0178,5.839,0.378
IND_FIRM_0192,State_1,Automotive,2018,6.271,15.114,13.972,17.046,0.0041,5.619,0.282
IND_FIRM_0193,State_3,Automotive,2018,4.441,18.824,8.846,10.345,0.008,4.802,0.367
IND_FIRM_0194,State_1,Textiles,2018,6.891,17.579,7.247,4.969,0.0167,5.5,0.463
IND_FIRM_0195,State_5,Textiles,2018,5.737,19.342,7.482,4.955,0.0179,4.962,0.45
IND_FIRM_0196,State_2,Electronics,2018,7.146,14.584,8.463,8.296,0.0058,5.415,0.367
IND_FIRM_0197,State_2,Textiles,2018,4.994,55.403,3.827,2.655,0.0873,5.727,0.359
IND_FIRM_0198,State_2,Chemicals,2018,2.997,11.72,10.742,14.8,0.0015,3.986,0.445
IND_FIRM_0199,State_3,Textiles,2018,5.598,44.051,3.722,2.868,0.0646,5.194,0.367
IND_FIRM_0200,State_5,Chemicals,2018,4.978,25.267,10.133,9.639,0.0174,5.046,0.462
IND_FIRM_0201,State_1,Electronics,2018,3.787,38.704,7.691,8.074,0.0432,3.919,0.371
IND_FIRM_0202,State_4,Electronics,2018,5.185,16.38,16.493,14.678,0.0081,5.608,0.421
IND_FIRM_0203,State_1,Electronics,2018,3.768,38.704,7.691,8.074,0.0432,4.187,0.329
IND_FIRM_0204,State_4,Electronics,2018,3.456,16.38,16.493,14.678,0.0081,4.611,0.382
IND_FIRM_0205,State_1,Electronics,2018,6.489,38.704,7.691,8.074,0.0432,5.641,0.35
IND_FIRM_0206,State_5,Chemicals,2018,4.177,25.267,10.133,9.639,0.0174,4.232,0.475
IND_FIRM_0207,State_4,Chemicals,2018,6.026,12.154,13.631,11.874,0.0051,5.278,0.362
IND_FIRM_0208,State_3,Electronics,2018,3.832,21.447,8.704,8.19,0.0178,4.103,0.421
IND_FIRM_0209,State_1,Textiles,2018,8.162,17.579,7.247,4.969,0.0167,5.68,0.371
IND_FIRM_0210,State_1,Automotive,2018,4.454,15.114,13.972,17.046,0.0041,4.896,0.444
IND_FIRM_0211,State_4,Electronics,2018,3.946,16.38,16.493,14.678,0.0081,5.153,0.283
IND_FIRM_0212,State_3,Textiles,2018,5.474,44.051,3.722,2.868,0.0646,5.404,0.414
IND_FIRM_0213,State_3,Automotive,2018,6.613,18.824,8.846,10.345,0.008,5.091,0.354
IND_FIRM_0214,State_5,Electronics,2018,3.194,30.279,8.979,9.328,0.0303,4.253,0.412
IND_FIRM_0215,State_3,Electronics,2018,5.319,21.447,8.704,8.19,0.0178,4.963,0.354
IND_FIRM_0216,State_3,Chemicals,2018,5.615,8.544,11.387,13.778,0.0002,4.729,0.443
IND_FIRM_0217,State_3,Automotive,2018,4.612,18.824,8.846,10.345,0.008,4.066,0.356
IND_FIRM_0218,State_2,Automotive,2018,6.819,15.07,8.174,9.489,0.0035,5.189,0.412
IND_FIRM_0219,State_5,Textiles,2018,6.457,19.342,7.482,4.955,0.0179,4.752,0.417
IND_FIRM_0220,State_1,Chemicals,2018,5.723,22.78,10.586,9.653,0.0143,5.096,0.335
IND_FIRM_0221,State_4,Chemicals,2018,5.602,12.154,13.631,11.874,0.0051,5.141,0.452
IND_FIRM_0222,State_1,Chemicals,2018,4.514,22.78,10.586,9.653,0.0143,4.961,0.349
IND_FIRM_0223,State_5,Chemicals,2018,6.535,25.267,10.133,9.639,0.0174,6.531,0.389
IND_FIRM_0224,State_4,Automotive,2018,4.662,48.45,6.66,8.087,0.0365,5.059,0.487
IND_FIRM_0225,State_5,Automotive,2018,3.454,18.286,12.327,15.104,0.0089,4.194,0.462
IND_FIRM_0226,State_3,Electronics,2018,5.735,21.447,8.704,8.19,0.0178,5.191,0.411
IND_FIRM_0227,State_4,Electronics,2018,5.501,16.38,16.493,14.678,0.0081,5.168,0.372
IND_FIRM_0228,State_3,Chemicals,2018,6.149,8.544,11.387,13.778,0.0002,5.087,0.377
IND_FIRM_0229,State_1,Chemicals,2018,4.407,22.78,10.586,9.653,0.0143,4.559,0.43
IND_FIRM_0230,State_1,Chemicals,2018,6.133,22.78,10.586,9.653,0.0143,5.604,0.463
IND_FIRM_0231,State_4,Electronics,2018,2.987,16.38,16.493,14.678,0.0081,3.965,0.416
IND_FIRM_0232,State_4,Textiles,2018,7.734,14.844,5.672,4.457,0.0087,5.244,0.31
IND_FIRM_0233,State_5,Textiles,2018,4.726,19.342,7.482,4.955,0.0179,4.362,0.391
IND_FIRM_0234,State_5,Electronics,2018,5.123,30.279,8.979,9.328,0.0303,4.794,0.389
IND_FIRM_0235,State_3,Electronics,2018,7.012,21.447,8.704,8.19,0.0178,5.496,0.419
IND_FIRM_0236,State_4,Electronics,2018,4.41,16.38,16.493,14.678,0.0081,4.86,0.36
IND_FIRM_0237,State_1,Electronics,2018,5.755,38.704,7.691,8.074,0.0432,5.377,0.444
IND_FIRM_0238,State_5,Electronics,2018,5.929,30.279,8.979,9.328,0.0303,5.001,0.391
IND_FIRM_0239,State_5,Electronics,2018,6.467,30.279,8.979,9.328,0.0303,5.313,0.461
IND_FIRM_0240,State_1,Chemicals,2018,6.353,22.78,10.586,9.653,0.0143,5.533,0.442
IND_FIRM_0241,State_5,Chemicals,2018,4.737,25.267,10.133,9.639,0.0174,4.643,0.431
IND_FIRM_0242,State_3,Chemicals,2018,6.306,8.544,11.387,13.778,0.0002,5.485,0.417
IND_FIRM_0243,State_4,Chemicals,2018,4.226,12.154,13.631,11.874,0.0051,4.006,0.406
IND_FIRM_0244,State_1,Electronics,2018,5.094,38.704,7.691,8.074,0.0432,4.604,0.391
IND_FIRM_0245,State_4,Textiles,2018,7.305,14.844,5.672,4.457,0.0087,5.284,0.404
IND_FIRM_0246,State_5,Automotive,2018,4.865,18.286,12.327,15.104,0.0089,4.895,0.466
IND_FIRM_0247,State_5,Electronics,2018,5.335,30.279,8.979,9.328,0.0303,5.369,0.373
IND_FIRM_0248,State_1,Automotive,2018,4.446,15.114,13.972,17.046,0.0041,4.861,0.458
IND_FIRM_0249,State_3,Textiles,2018,6.943,44.051,3.722,2.868,0.0646,5.551,0.497
IND_FIRM_0250,State_2,Chemicals,2018,5.197,11.72,10.742,14.8,0.0015,5.064,0.375
IND_FIRM_0251,State_1,Textiles,2018,5.938,17.579,7.247,4.969,0.0167,4.556,0.455
IND_FIRM_0252,State_2,Electronics,2018,6.923,14.584,8.463,8.296,0.0058,5.356,0.409
IND_FIRM_0253,State_2,Chemicals,2018,4.06,11.72,10.742,14.8,0.0015,3.731,0.405
IND_FIRM_0254,State_3,Electronics,2018,5.95,21.447,8.704,8.19,0.0178,4.97,0.315
IND_FIRM_0255,State_2,Chemicals,2018,4.488,11.72,10.742,14.8,0.0015,4.399,0.436
IND_FIRM_0256,State_2,Automotive,2018,7.86,15.07,8.174,9.489,0.0035,5.584,0.415
IND_FIRM_0257,State_3,Automotive,2018,6.035,18.824,8.846,10.345,0.008,4.721,0.389
IND_FIRM_0258,State_2,Automotive,2018,6.576,15.07,8.174,9.489,0.0035,5.283,0.344
IND_FIRM_0259,State_2,Textiles,2018,5.475,55.403,3.827,2.655,0.0873,5.245,0.408
IND_FIRM_0260,State_2,Electronics,2018,3.606,14.584,8.463,8.296,0.0058,3.686,0.397
IND_FIRM_0261,State_1,Textiles,2018,5.134,17.579,7.247,4.969,0.0167,4.631,0.253
IND_FIRM_0262,State_1,Automotive,2018,5.141,15.114,13.972,17.046,0.0041,5.506,0.409
IND_FIRM_0263,State_1,Electronics,2018,5.932,38.704,7.691,8.074,0.0432,5.837,0.416
IND_FIRM_0264,State_3,Automotive,2018,5.894,18.824,8.846,10.345,0.008,5.166,0.488
IND_FIRM_0265,State_5,Textiles,2018,4.911,19.342,7.482,4.955,0.0179,4.521,0.361
IND_FIRM_0266,State_2,Textiles,2018,5.396,55.403,3.827,2.655,0.0873,5.49,0.311
IND_FIRM_0267,State_2,Textiles,2018,6.075,55.403,3.827,2.655,0.0873,4.902,0.36
IND_FIRM_0268,State_3,Automotive,2018,5.603,18.824,8.846,10.345,0.008,4.875,0.356
IND_FIRM_0269,State_2,Electronics,2018,7.533,14.584,8.463,8.296,0.0058,5.473,0.415
IND_FIRM_0270,State_1,Electronics,2018,4.409,38.704,7.691,8.074,0.0432,4.617,0.373
IND_FIRM_0271,State_5,Automotive,2018,4.11,18.286,12.327,15.104,0.0089,4.813,0.344
IND_FIRM_0272,State_4,Electronics,2018,2.526,16.38,16.493,14.678,0.0081,3.823,0.385
IND_FIRM_0273,State_2,Automotive,2018,7.205,15.07,8.174,9.489,0.0035,5.226,0.429
IND_FIRM_0274,State_1,Electronics,2018,5.334,38.704,7.691,8.074,0.0432,5.104,0.315
IND_FIRM_0275,State_4,Chemicals,2018,3.86,12.154,13.631,11.874,0.0051,3.941,0.396
IND_FIRM_0276,State_5,Chemicals,2018,3.672,25.267,10.133,9.639,0.0174,4.121,0.319
IND_FIRM_0277,State_4,Textiles,2018,5.836,14.844,5.672,4.457,0.0087,4.732,0.364
IND_FIRM_0278,State_1,Chemicals,2018,5.872,22.78,10.586,9.653,0.0143,5.284,0.418
IND_FIRM_0279,State_4,Chemicals,2018,4.607,12.154,13.631,11.874,0.0051,4.939,0.417
IND_FIRM_0280,State_3,Chemicals,2018,4.906,8.544,11.387,13.778,0.0002,4.513,0.32
IND_FIRM_0281,State_4,Automotive,2018,3.565,48.45,6.66,8.087,0.0365,4.529,0.395
IND_FIRM_0282,State_2,Chemicals,2018,4.298,11.72,10.742,14.8,0.0015,4.48,0.434
IND_FIRM_0283,State_2,Chemicals,2018,3.122,11.72,10.742,14.8,0.0015,3.841,0.441
IND_FIRM_0284,State_3,Textiles,2018,4.975,44.051,3.722,2.868,0.0646,4.443,0.354
IND_FIRM_0285,State_1,Chemicals,2018,4.716,22.78,10.586,9.653,0.0143,4.588,0.39
IND_FIRM_0286,State_2,Chemicals,2018,5.837,11.72,10.742,14.8,0.0015,5.202,0.352
IND_FIRM_0287,State_5,Electronics,2018,5.281,30.279,8.979,9.328,0.0303,4.886,0.361
IND_FIRM_0288,State_2,Textiles,2018,4.084,55.403,3.827,2.655,0.0873,4.428,0.417
IND_FIRM_0289,State_2,Textiles,2018,6.784,55.403,3.827,2.655,0.0873,5.886,0.312
IND_FIRM_0290,State_1,Textiles,2018,5.772,17.579,7.247,4.969,0.0167,4.688,0.432
IND_FIRM_0291,State_4,Textiles,2018,7.889,14.844,5.672,4.457,0.0087,5.665,0.333
IND_FIRM_0292,State_2,Textiles,2018,6.513,55.403,3.827,2.655,0.0873,5.669,0.384
IND_FIRM_0293,State_3,Textiles,2018,3.832,44.051,3.722,2.868,0.0646,4.258,0.375
IND_FIRM_0294,State_4,Automotive,2018,5.069,48.45,6.66,8.087,0.0365,5.147,0.516
IND_FIRM_0295,State_5,Chemicals,2018,4.899,25.267,10.133,9.639,0.0174,4.897,0.377
IND_FIRM_0296,State_1,Textiles,2018,5.845,17.579,7.247,4.969,0.0167,4.628,0.241
IND_FIRM_0297,State_5,Chemicals,2018,5.469,25.267,10.133,9.639,0.0174,5.168,0.353
IND_FIRM_0298,State_4,Chemicals,2018,4.762,12.154,13.631,11.874,0.0051,4.691,0.432
IND_FIRM_0299,State_4,Automotive,2018,4.215,48.45,6.66,8.087,0.0365,4.656,0.461
IND_FIRM_0300,State_4,Textiles,2018,6.93,14.844,5.672,4.457,0.0087,4.726,0.432
IND_FIRM_0301,State_5,Electronics,2018,5.121,30.279,8.979,9.328,0.0303,4.699,0.318
IND_FIRM_0302,State_4,Automotive,2018,2.794,48.45,6.66,8.087,0.0365,4.267,0.356
IND_FIRM_0303,State_5,Electronics,2018,5.579,30.279,8.979,9.328,0.0303,5.641,0.431
IND_FIRM_0304,State_4,Chemicals,2018,6.657,12.154,13.631,11.874,0.0051,5.312,0.338
IND_FIRM_0305,State_3,Chemicals,2018,6.251,8.544,11.387,13.778,0.0002,5.08,0.352
IND_FIRM_0306,State_4,Automotive,2018,3.958,48.45,6.66,8.087,0.0365,4.692,0.426
IND_FIRM_0307,State_5,Automotive,2018,4.578,18.286,12.327,15.104,0.0089,4.743,0.39
IND_FIRM_0308,State_2,Electronics,2018,5.505,14.584,8.463,8.296,0.0058,4.33,0.445
IND_FIRM_0309,State_4,Textiles,2018,9.465,14.844,5.672,4.457,0.0087,6.185,0.362
IND_FIRM_0310,State_2,Electronics,2018,6.73,14.584,8.463,8.296,0.0058,5.685,0.427
IND_FIRM_0311,State_3,Automotive,2018,4.93,18.824,8.846,10.345,0.008,4.797,0.454
IND_FIRM_0312,State_1,Electronics,2018,5.3,38.704,7.691,8.074,0.0432,4.975,0.423
IND_FIRM_0313,State_3,Automotive,2018,4.746,18.824,8.846,10.345,0.008,5.03,0.434
IND_FIRM_0314,State_4,Electronics,2018,5.233,16.38,16.493,14.678,0.0081,4.814,0.403
IND_FIRM_0315,State_2,Automotive,2018,6.458,15.07,8.174,9.489,0.0035,5.129,0.477
IND_FIRM_0316,State_2,Automotive,2018,7.217,15.07,8.174,9.489,0.0035,5.697,0.349
IND_FIRM_0317,State_5,Automotive,2018,4.472,18.286,12.327,15.104,0.0089,4.939,0.404
IND_FIRM_0318,State_2,Textiles,2018,5.208,55.403,3.827,2.655,0.0873,5.101,0.467
IND_FIRM_0319,State_5,Electronics,2018,3.18,30.279,8.979,9.328,0.0303,3.902,0.339
IND_FIRM_0320,State_1,Electronics,2018,4.038,38.704,7.691,8.074,0.0432,4.241,0.442
IND_FIRM_0321,State_4,Electronics,2018,6.159,16.38,16.493,14.678,0.0081,5.456,0.379
IND_FIRM_0322,State_5,Automotive,2018,3.467,18.286,12.327,15.104,0.0089,4.775,0.314
IND_FIRM_0323,State_1,Electronics,2018,4.077,38.704,7.691,8.074,0.0432,4.443,0.405
IND_FIRM_0324,State_2,Electronics,2018,6.257,14.584,8.463,8.296,0.0058,5.359,0.36
IND_FIRM_0325,State_2,Automotive,2018,6.587,15.07,8.174,9.489,0.0035,5.456,0.388
IND_FIRM_0326,State_1,Chemicals,2018,4.81,22.78,10.586,9.653,0.0143,4.232,0.44
IND_FIRM_0327,State_2,Automotive,2018,2.605,15.07,8.174,9.489,0.0035,3.201,0.389
IND_FIRM_0328,State_1,Electronics,2018,3.549,38.704,7.691,8.074,0.0432,4.299,0.399
IND_FIRM_0329,State_5,Automotive,2018,6.147,18.286,12.327,15.104,0.0089,5.474,0.5
IND_FIRM_0330,State_5,Chemicals,2018,4.928,25.267,10.133,9.639,0.0174,5.006,0.356
IND_FIRM_0331,State_1,Automotive,2018,5.727,15.114,13.972,17.046,0.0041,5.852,0.318
IND_FIRM_0332,State_5,Electronics,2018,4.162,30.279,8.979,9.328,0.0303,4.417,0.41
IND_FIRM_0333,State_5,Chemicals,2018,3.396,25.267,10.133,9.639,0.0174,4.48,0.464
IND_FIRM_0334,State_5,Textiles,2018,7.184,19.342,7.482,4.955,0.0179,4.916,0.458
IND_FIRM_0335,State_3,Electronics,2018,5.605,21.447,8.704,8.19,0.0178,5.077,0.42
IND_FIRM_0336,State_4,Chemicals,2018,6.079,12.154,13.631,11.874,0.0051,4.98,0.501
IND_FIRM_0337,State_2,Chemicals,2018,6.304,11.72,10.742,14.8,0.0015,5.401,0.319
IND_FIRM_0338,State_3,Textiles,2018,6.176,44.051,3.722,2.868,0.0646,5.134,0.42
IND_FIRM_0339,State_5,Automotive,2018,5.132,18.286,12.327,15.104,0.0089,5.266,0.401
IND_FIRM_0340,State_1,Automotive,2018,5.046,15.114,13.972,17.046,0.0041,5.693,0.359
IND_FIRM_0341,State_5,Electronics,2018,5.641,30.279,8.979,9.328,0.0303,5.565,0.465
IND_FIRM_0342,State_4,Textiles,2018,7.407,14.844,5.672,4.457,0.0087,5.501,0.436
IND_FIRM_0343,State_5,Automotive,2018,5.541,18.286,12.327,15.104,0.0089,5.845,0.378
IND_FIRM_0344,State_1,Textiles,2018,8.427,17.579,7.247,4.969,0.0167,5.847,0.439
IND_FIRM_0345,State_4,Automotive,2018,3.834,48.45,6.66,8.087,0.0365,4.959,0.42
IND_FIRM_0346,State_5,Chemicals,2018,6.267,25.267,10.133,9.639,0.0174,5.203,0.371
IND_FIRM_0347,State_4,Automotive,2018,4.514,48.45,6.66,8.087,0.0365,4.471,0.416
IND_FIRM_0348,State_2,Textiles,2018,4.265,55.403,3.827,2.655,0.0873,4.805,0.44
IND_FIRM_0349,State_2,Chemicals,2018,4.847,11.72,10.742,14.8,0.0015,4.821,0.371
IND_FIRM_0350,State_5,Chemicals,2018,4.892,25.267,10.133,9.639,0.0174,5.355,0.393
IND_FIRM_0351,State_4,Chemicals,2018,5.121,12.154,13.631,11.874,0.0051,5.071,0.395
IND_FIRM_0352,State_1,Textiles,2018,6.868,17.579,7.247,4.969,0.0167,5.251,0.389
IND_FIRM_0353,State_5,Electronics,2018,4.893,30.279,8.979,9.328,0.0303,4.747,0.393
IND_FIRM_0354,State_2,Electronics,2018,5.865,14.584,8.463,8.296,0.0058,5.029,0.414
IND_FIRM_0355,State_2,Electronics,2018,6.904,14.584,8.463,8.296,0.0058,5.207,0.337
IND_FIRM_0356,State_5,Textiles,2018,4.266,19.342,7.482,4.955,0.0179,3.826,0.428
IND_FIRM_0357,State_4,Chemicals,2018,5.349,12.154,13.631,11.874,0.0051,4.879,0.461
IND_FIRM_0358,State_2,Electronics,2018,5.601,14.584,8.463,8.296,0.0058,5.187,0.389
IND_FIRM_0359,State_4,Textiles,2018,6.992,14.844,5.672,4.457,0.0087,5.097,0.411
IND_FIRM_0360,State_2,Electronics,2018,5.058,14.584,8.463,8.296,0.0058,4.36,0.412
IND_FIRM_0361,State_2,Automotive,2018,7.92,15.07,8.174,9.489,0.0035,5.527,0.414
IND_FIRM_0362,State_3,Electronics,2018,5.954,21.447,8.704,8.19,0.0178,4.899,0.427
IND_FIRM_0363,State_2,Electronics,2018,6.898,14.584,8.463,8.296,0.0058,5.077,0.422
IND_FIRM_0364,State_1,Chemicals,2018,4.714,22.78,10.586,9.653,0.0143,4.82,0.316
IND_FIRM_0365,State_5,Textiles,2018,6.744,19.342,7.482,4.955,0.0179,5.24,0.356
IND_FIRM_0366,State_5,Chemicals,2018,4.977,25.267,10.133,9.639,0.0174,5.046,0.415
IND_FIRM_0367,State_4,Chemicals,2018,6.626,12.154,13.631,11.874,0.0051,5.873,0.263
IND_FIRM_0368,State_2,Chemicals,2018,4.479,11.72,10.742,14.8,0.0015,4.279,0.346
IND_FIRM_0369,State_1,Chemicals,2018,5.574,22.78,10.586,9.653,0.0143,5.198,0.521
IND_FIRM_0370,State_4,Chemicals,2018,5.478,12.154,13.631,11.874,0.0051,5.137,0.363
IND_FIRM_0371,State_3,Electronics,2018,5.365,21.447,8.704,8.19,0.0178,4.812,0.34
IND_FIRM_0372,State_4,Chemicals,2018,4.935,12.154,13.631,11.874,0.0051,4.261,0.412
IND_FIRM_0373,State_4,Chemicals,2018,4.707,12.154,13.631,11.874,0.0051,5.224,0.447
IND_FIRM_0374,State_2,Textiles,2018,5.32,55.403,3.827,2.655,0.0873,5.336,0.396
IND_FIRM_0375,State_3,Automotive,2018,4.015,18.824,8.846,10.345,0.008,3.678,0.394
IND_FIRM_0376,State_4,Electronics,2018,5.886,16.38,16.493,14.678,0.0081,5.549,0.383
IND_FIRM_0377,State_1,Electronics,2018,4.809,38.704,7.691,8.074,0.0432,4.723,0.364
IND_FIRM_0378,State_1,Electronics,2018,5.365,38.704,7.691,8.074,0.0432,5.163,0.399
IND_FIRM_0379,State_5,Chemicals,2018,5.477,25.267,10.133,9.639,0.0174,5.145,0.369
IND_FIRM_0380,State_3,Chemicals,2018,5.438,8.544,11.387,13.778,0.0002,4.522,0.363
IND_FIRM_0381,State_3,Chemicals,2018,4.844,8.544,11.387,13.778,0.0002,4.897,0.357
IND_FIRM_0382,State_5,Textiles,2018,4.383,19.342,7.482,4.955,0.0179,4.24,0.466
IND_FIRM_0383,State_4,Automotive,2018,5.965,48.45,6.66,8.087,0.0365,5.42,0.474
IND_FIRM_0384,State_3,Chemicals,2018,7.018,8.544,11.387,13.778,0.0002,5.69,0.445
IND_FIRM_0385,State_1,Automotive,2018,2.849,15.114,13.972,17.046,0.0041,4.364,0.465
IND_FIRM_0386,State_1,Textiles,2018,5.998,17.579,7.247,4.969,0.0167,4.827,0.387
IND_FIRM_0387,State_2,Electronics,2018,4.981,14.584,8.463,8.296,0.0058,4.493,0.476
IND_FIRM_0388,State_3,Chemicals,2018,5.637,8.544,11.387,13.778,0.0002,5.284,0.463
IND_FIRM_0389,State_4,Automotive,2018,4.901,48.45,6.66,8.087,0.0365,5.127,0.446
IND_FIRM_0390,State_5,Automotive,2018,5.489,18.286,12.327,15.104,0.0089,5.342,0.359
IND_FIRM_0391,State_5,Chemicals,2018,6.452,25.267,10.133,9.639,0.0174,5.286,0.41
IND_FIRM_0392,State_4,Electronics,2018,5.728,16.38,16.493,14.678,0.0081,5.886,0.381
IND_FIRM_0393,State_2,Electronics,2018,6.214,14.584,8.463,8.296,0.0058,5.074,0.356
IND_FIRM_0394,State_5,Electronics,2018,4.014,30.279,8.979,9.328,0.0303,4.142,0.456
IND_FIRM_0395,State_3,Textiles,2018,5.201,44.051,3.722,2.868,0.0646,4.74,0.427
IND_FIRM_0396,State_2,Automotive,2018,6.596,15.07,8.174,9.489,0.0035,5.526,0.412
IND_FIRM_0397,State_3,Automotive,2018,4.777,18.824,8.846,10.345,0.008,4.196,0.479
IND_FIRM_0398,State_1,Automotive,2018,6.275,15.114,13.972,17.046,0.0041,5.764,0.42
IND_FIRM_0399,State_2,Textiles,2018,5.896,55.403,3.827,2.655,0.0873,5.202,0.453
IND_FIRM_0400,State_5,Automotive,2018,4.705,18.286,12.327,15.104,0.0089,4.803,0.439
IND_FIRM_0401,State_2,Textiles,2018,4.279,55.403,3.827,2.655,0.0873,4.877,0.352
IND_FIRM_0402,State_2,Electronics,2018,5.572,14.584,8.463,8.296,0.0058,4.646,0.378
IND_FIRM_0403,State_2,Chemicals,2018,5.518,11.72,10.742,14.8,0.0015,4.675,0.444
IND_FIRM_0404,State_2,Automotive,2018,5.804,15.07,8.174,9.489,0.0035,5.152,0.419
IND_FIRM_0405,State_3,Automotive,2018,7.387,18.824,8.846,10.345,0.008,5.669,0.427
IND_FIRM_0406,State_1,Electronics,2018,5.424,38.704,7.691,8.074,0.0432,5.182,0.392
IND_FIRM_0407,State_4,Chemicals,2018,5.443,12.154,13.631,11.874,0.0051,5.393,0.394
IND_FIRM_0408,State_2,Textiles,2018,5.167,55.403,3.827,2.655,0.0873,4.691,0.405
IND_FIRM_0409,State_5,Chemicals,2018,5.852,25.267,10.133,9.639,0.0174,5.273,0.491
IND_FIRM_0410,State_2,Electronics,2018,5.656,14.584,8.463,8.296,0.0058,5.123,0.458
IND_FIRM_0411,State_5,Electronics,2018,5.906,30.279,8.979,9.328,0.0303,5.354,0.342
IND_FIRM_0412,State_3,Chemicals,2018,6.817,8.544,11.387,13.778,0.0002,5.099,0.455
IND_FIRM_0413,State_5,Textiles,2018,6.453,19.342,7.482,4.955,0.0179,4.989,0.423
IND_FIRM_0414,State_4,Textiles,2018,7.814,14.844,5.672,4.457,0.0087,5.494,0.42
IND_FIRM_0415,State_1,Automotive,2018,4.237,15.114,13.972,17.046,0.0041,4.697,0.43
IND_FIRM_0416,State_5,Textiles,2018,7.334,19.342,7.482,4.955,0.0179,4.941,0.375
IND_FIRM_0417,State_5,Chemicals,2018,6.412,25.267,10.133,9.639,0.0174,5.655,0.422
IND_FIRM_0418,State_1,Electronics,2018,5.56,38.704,7.691,8.074,0.0432,5.084,0.375
IND_FIRM_0419,State_4,Automotive,2018,3.819,48.45,6.66,8.087,0.0365,4.551,0.449
IND_FIRM_0420,State_2,Automotive,2018,5.919,15.07,8.174,9.489,0.0035,4.942,0.415
IND_FIRM_0421,State_5,Electronics,2018,5.702,30.279,8.979,9.328,0.0303,5.245,0.395
IND_FIRM_0422,State_1,Textiles,2018,5.739,17.579,7.247,4.969,0.0167,4.585,0.388
IND_FIRM_0423,State_3,Electronics,2018,4.514,21.447,8.704,8.19,0.0178,4.188,0.395
IND_FIRM_0424,State_1,Textiles,2018,5.727,17.579,7.247,4.969,0.0167,4.496,0.382
IND_FIRM_0425,State_3,Electronics,2018,4.593,21.447,8.704,8.19,0.0178,4.507,0.436
IND_FIRM_0426,State_4,Chemicals,2018,4.912,12.154,13.631,11.874,0.0051,4.917,0.361
IND_FIRM_0427,State_2,Textiles,2018,3.331,55.403,3.827,2.655,0.0873,4.128,0.43
IND_FIRM_0428,State_1,Chemicals,2018,5.901,22.78,10.586,9.653,0.0143,4.899,0.401
IND_FIRM_0429,State_5,Automotive,2018,4.551,18.286,12.327,15.104,0.0089,4.73,0.36
IND_FIRM_0430,State_4,Electronics,2018,5.354,16.38,16.493,14.678,0.0081,5.213,0.427
IND_FIRM_0431,State_1,Automotive,2018,4.293,15.114,13.972,17.046,0.0041,4.484,0.372
IND_FIRM_0432,State_5,Automotive,2018,3.998,18.286,12.327,15.104,0.0089,5.096,0.47
IND_FIRM_0433,State_1,Automotive,2018,4.905,15.114,13.972,17.046,0.0041,4.831,0.452
IND_FIRM_0434,State_3,Automotive,2018,5.206,18.824,8.846,10.345,0.008,4.419,0.387
IND_FIRM_0435,State_1,Electronics,2018,7.701,38.704,7.691,8.074,0.0432,5.571,0.344
IND_FIRM_0436,State_1,Automotive,2018,4.455,15.114,13.972,17.046,0.0041,4.697,0.448
IND_FIRM_0437,State_1,Electronics,2018,5.351,38.704,7.691,8.074,0.0432,5.413,0.412
IND_FIRM_0438,State_4,Electronics,2018,3.097,16.38,16.493,14.678,0.0081,4.383,0.537
IND_FIRM_0439,State_1,Chemicals,2018,5.704,22.78,10.586,9.653,0.0143,4.767,0.431
IND_FIRM_0440,State_5,Textiles,2018,6.704,19.342,7.482,4.955,0.0179,4.981,0.406
IND_FIRM_0441,State_3,Textiles,2018,5.246,44.051,3.722,2.868,0.0646,5.076,0.369
IND_FIRM_0442,State_3,Electronics,2018,5.157,21.447,8.704,8.19,0.0178,4.728,0.426
IND_FIRM_0443,State_1,Chemicals,2018,4.704,22.78,10.586,9.653,0.0143,4.762,0.456
IND_FIRM_0444,State_4,Electronics,2018,3.888,16.38,16.493,14.678,0.0081,4.879,0.425
IND_FIRM_0445,State_4,Electronics,2018,6.714,16.38,16.493,14.678,0.0081,6.065,0.371
IND_FIRM_0446,State_5,Electronics,2018,5.247,30.279,8.979,9.328,0.0303,5.048,0.415
IND_FIRM_0447,State_1,Chemicals,2018,6.253,22.78,10.586,9.653,0.0143,5.234,0.354
IND_FIRM_0448,State_3,Textiles,2018,7.217,44.051,3.722,2.868,0.0646,6.057,0.391
IND_FIRM_0449,State_4,Chemicals,2018,4.112,12.154,13.631,11.874,0.0051,4.548,0.438
IND_FIRM_0450,State_1,Automotive,2018,4.919,15.114,13.972,17.046,0.0041,5.01,0.355
IND_FIRM_0451,State_4,Chemicals,2018,4.908,12.154,13.631,11.874,0.0051,5.1,0.401
IND_FIRM_0452,State_4,Chemicals,2018,4.798,12.154,13.631,11.874,0.0051,5.439,0.405
IND_FIRM_0453,State_3,Chemicals,2018,5.694,8.544,11.387,13.778,0.0002,4.78,0.4
IND_FIRM_0454,State_2,Chemicals,2018,4.564,11.72,10.742,14.8,0.0015,4.874,0.39
IND_FIRM_0455,State_5,Textiles,2018,6.111,19.342,7.482,4.955,0.0179,5.148,0.34
IND_FIRM_0456,State_5,Automotive,2018,3.549,18.286,12.327,15.104,0.0089,4.713,0.367
IND_FIRM_0457,State_3,Textiles,2018,6.64,44.051,3.722,2.868,0.0646,5.559,0.392
IND_FIRM_0458,State_4,Textiles,2018,7.122,14.844,5.672,4.457,0.0087,5.46,0.413
IND_FIRM_0459,State_1,Chemicals,2018,4.679,22.78,10.586,9.653,0.0143,5.06,0.4
IND_FIRM_0460,State_4,Electronics,2018,3.616,16.38,16.493,14.678,0.0081,4.879,0.403
IND_FIRM_0461,State_3,Electronics,2018,5.669,21.447,8.704,8.19,0.0178,4.903,0.464
IND_FIRM_0462,State_5,Textiles,2018,5.65,19.342,7.482,4.955,0.0179,4.408,0.354
IND_FIRM_0463,State_4,Textiles,2018,8.993,14.844,5.672,4.457,0.0087,5.688,0.346
IND_FIRM_0464,State_5,Chemicals,2018,5.351,25.267,10.133,9.639,0.0174,5.015,0.336
IND_FIRM_0465,State_1,Textiles,2018,6.331,17.579,7.247,4.969,0.0167,4.978,0.41
IND_FIRM_0466,State_5,Chemicals,2018,6.068,25.267,10.133,9.639,0.0174,5.011,0.4
IND_FIRM_0467,State_5,Electronics,2018,4.782,30.279,8.979,9.328,0.0303,4.875,0.462
IND_FIRM_0468,State_2,Electronics,2018,7.36,14.584,8.463,8.296,0.0058,5.658,0.444
IND_FIRM_0469,State_2,Automotive,2018,5.881,15.07,8.174,9.489,0.0035,4.716,0.329
IND_FIRM_0470,State_2,Electronics,2018,7.179,14.584,8.463,8.296,0.0058,5.254,0.443
IND_FIRM_0471,State_5,Textiles,2018,5.818,19.342,7.482,4.955,0.0179,4.734,0.301
IND_FIRM_0472,State_3,Electronics,2018,7.593,21.447,8.704,8.19,0.0178,5.646,0.31
IND_FIRM_0473,State_5,Chemicals,2018,5.281,25.267,10.133,9.639,0.0174,4.959,0.396
IND_FIRM_0474,State_3,Electronics,2018,7.626,21.447,8.704,8.19,0.0178,6.036,0.437
IND_FIRM_0475,State_3,Automotive,2018,5.803,18.824,8.846,10.345,0.008,5.197,0.449
IND_FIRM_0476,State_2,Electronics,2018,6.521,14.584,8.463,8.296,0.0058,5.196,0.423
IND_FIRM_0477,State_4,Chemicals,2018,4.028,12.154,13.631,11.874,0.0051,4.279,0.397
IND_FIRM_0478,State_1,Chemicals,2018,4.608,22.78,10.586,9.653,0.0143,4.82,0.506
IND_FIRM_0479,State_2,Textiles,2018,5.59,55.403,3.827,2.655,0.0873,5.296,0.405
IND_FIRM_0480,State_2,Electronics,2018,7.112,14.584,8.463,8.296,0.0058,5.591,0.381
IND_FIRM_0481,State_4,Chemicals,2018,7.973,12.154,13.631,11.874,0.0051,6.199,0.417
IND_FIRM_0482,State_1,Automotive,2018,4.636,15.114,13.972,17.046,0.0041,5.038,0.403
IND_FIRM_0483,State_5,Textiles,2018,4.882,19.342,7.482,4.955,0.0179,4.764,0.352
IND_FIRM_0484,State_5,Automotive,2018,5.299,18.286,12.327,15.104,0.0089,5.363,0.347
IND_FIRM_0485,State_2,Electronics,2018,5.129,14.584,8.463,8.296,0.0058,4.325,0.347
IND_FIRM_0486,State_1,Electronics,2018,5.771,38.704,7.691,8.074,0.0432,5.124,0.293
IND_FIRM_0487,State_2,Electronics,2018,5.595,14.584,8.463,8.296,0.0058,4.816,0.502
IND_FIRM_0488,State_3,Textiles,2018,5.675,44.051,3.722,2.868,0.0646,4.876,0.384
IND_FIRM_0489,State_2,Chemicals,2018,6.572,11.72,10.742,14.8,0.0015,5.89,0.427
IND_FIRM_0490,State_2,Textiles,2018,4.715,55.403,3.827,2.655,0.0873,4.998,0.353
IND_FIRM_0491,State_5,Automotive,2018,6.004,18.286,12.327,15.104,0.0089,5.423,0.37
IND_FIRM_0492,State_5,Textiles,2018,7.127,19.342,7.482,4.955,0.0179,5.517,0.4
IND_FIRM_0493,State_5,Automotive,2018,3.214,18.286,12.327,15.104,0.0089,3.975,0.37
IND_FIRM_0494,State_3,Textiles,2018,4.023,44.051,3.722,2.868,0.0646,4.781,0.454
IND_FIRM_0495,State_5,Chemicals,2018,3.459,25.267,10.133,9.639,0.0174,4.144,0.381
IND_FIRM_0496,State_1,Automotive,2018,6.438,15.114,13.972,17.046,0.0041,6.031,0.439
IND_FIRM_0497,State_4,Electronics,2018,3.952,16.38,16.493,14.678,0.0081,5.018,0.387
IND_FIRM_0498,State_1,Electronics,2018,7.411,38.704,7.691,8.074,0.0432,6.183,0.386
IND_FIRM_0499,State_1,Textiles,2018,5.125,17.579,7.247,4.969,0.0167,4.509,0.395
IND_FIRM_0500,State_5,Electronics,2018,4.627,30.279,8.979,9.328,0.0303,4.744,0.46
IND_FIRM_0001,State_2,Textiles,2019,4.196,55.234,4.158,2.782,0.0362,4.619,0.355
IND_FIRM_0002,State_2,Textiles,2019,4.669,55.234,4.158,2.782,0.0362,4.784,0.456
IND_FIRM_0003,State_4,Electronics,2019,6.682,14.809,18.301,16.43,0.0037,6.791,0.373
IND_FIRM_0004,State_2,Textiles,2019,3.012,55.234,4.158,2.782,0.0362,4.068,0.409
IND_FIRM_0005,State_2,Chemicals,2019,4.831,13.757,10.476,14.593,0.0018,4.907,0.391
IND_FIRM_0006,State_4,Chemicals,2019,4.261,15.99,14.263,12.214,0.0059,4.825,0.397
IND_FIRM_0007,State_4,Automotive,2019,3.53,53.404,6.781,8.321,0.0658,4.664,0.448
IND_FIRM_0008,State_1,Textiles,2019,6.662,18.966,7.516,5.136,0.0069,5.549,0.397
IND_FIRM_0009,State_5,Electronics,2019,5.713,30.173,10.047,10.266,0.0137,5.449,0.429
IND_FIRM_0010,State_5,Chemicals,2019,5.864,25.965,10.791,10.149,0.02,5.36,0.401
IND_FIRM_0011,State_2,Chemicals,2019,4.565,13.757,10.476,14.593,0.0018,4.62,0.445
IND_FIRM_0012,State_5,Electronics,2019,7.129,30.173,10.047,10.266,0.0137,5.92,0.376
IND_FIRM_0013,State_2,Electronics,2019,4.022,13.465,8.536,8.491,0.0026,4.213,0.374
IND_FIRM_0014,State_1,Chemicals,2019,3.476,23.801,10.887,10.028,0.0164,4.718,0.262
IND_FIRM_0015,State_4,Chemicals,2019,4.664,15.99,14.263,12.214,0.0059,5.307,0.438
IND_FIRM_0016,State_4,Electronics,2019,4.062,14.809,18.301,16.43,0.0037,4.983,0.331
IND_FIRM_0017,State_4,Chemicals,2019,5.295,15.99,14.263,12.214,0.0059,5.658,0.374
IND_FIRM_0018,State_5,Automotive,2019,5.831,21.592,12.411,15.218,0.0161,5.995,0.389
IND_FIRM_0019,State_1,Automotive,2019,4.399,14.449,14.686,17.91,0.0074,4.946,0.325
IND_FIRM_0020,State_5,Electronics,2019,4.649,30.173,10.047,10.266,0.0137,5.26,0.456
IND_FIRM_0021,State_5,Textiles,2019,5.682,19.463,7.781,5.185,0.0074,4.899,0.361
IND_FIRM_0022,State_1,Electronics,2019,5.152,40.672,7.663,8.131,0.0196,5.319,0.404
IND_FIRM_0023,State_1,Electronics,2019,4.803,40.672,7.663,8.131,0.0196,5.151,0.417
IND_FIRM_0024,State_1,Textiles,2019,5.13,18.966,7.516,5.136,0.0069,4.678,0.486
IND_FIRM_0025,State_1,Textiles,2019,6.072,18.966,7.516,5.136,0.0069,5.601,0.392
IND_FIRM_0026,State_4,Textiles,2019,7.763,13.61,6.609,5.01,0.0036,5.911,0.424
IND_FIRM_0027,State_3,Automotive,2019,3.086,19.897,8.86,10.378,0.0145,4.113,0.387
IND_FIRM_0028,State_3,Chemicals,2019,5.846,9.982,11.572,14.093,0.0003,5.461,0.48
IND_FIRM_0029,State_1,Automotive,2019,4.631,14.449,14.686,17.91,0.0074,4.621,0.508
IND_FIRM_0030,State_3,Chemicals,2019,6.14,9.982,11.572,14.093,0.0003,5.72,0.357
IND_FIRM_0031,State_3,Automotive,2019,4.86,19.897,8.86,10.378,0.0145,4.813,0.442
IND_FIRM_0032,State_1,Chemicals,2019,6.561,23.801,10.887,10.028,0.0164,5.693,0.305
IND_FIRM_0033,State_3,Automotive,2019,4.864,19.897,8.86,10.378,0.0145,4.698,0.397
IND_FIRM_0034,State_5,Textiles,2019,3.624,19.463,7.781,5.185,0.0074,4.0,0.385
IND_FIRM_0035,State_2,Electronics,2019,6.529,13.465,8.536,8.491,0.0026,5.517,0.371
IND_FIRM_0036,State_2,Automotive,2019,5.032,14.663,8.191,9.552,0.0063,5.003,0.5
IND_FIRM_0037,State_1,Chemicals,2019,3.305,23.801,10.887,10.028,0.0164,4.349,0.352
IND_FIRM_0038,State_4,Textiles,2019,6.464,13.61,6.609,5.01,0.0036,4.894,0.392
IND_FIRM_0039,State_1,Automotive,2019,4.305,14.449,14.686,17.91,0.0074,5.361,0.402
IND_FIRM_0040,State_4,Automotive,2019,5.036,53.404,6.781,8.321,0.0658,5.748,0.459
IND_FIRM_0041,State_2,Textiles,2019,5.768,55.234,4.158,2.782,0.0362,5.677,0.342
IND_FIRM_0042,State_1,Automotive,2019,5.18,14.449,14.686,17.91,0.0074,5.381,0.35
IND_FIRM_0043,State_5,Electronics,2019,3.797,30.173,10.047,10.266,0.0137,4.506,0.395
IND_FIRM_0044,State_3,Automotive,2019,5.732,19.897,8.86,10.378,0.0145,5.168,0.429
IND_FIRM_0045,State_4,Electronics,2019,3.792,14.809,18.301,16.43,0.0037,5.188,0.372
IND_FIRM_0046,State_3,Electronics,2019,6.964,20.378,9.235,8.739,0.0081,5.404,0.364
IND_FIRM_0047,State_3,Textiles,2019,4.171,45.355,4.01,3.012,0.0268,4.385,0.384
IND_FIRM_0048,State_1,Automotive,2019,3.754,14.449,14.686,17.91,0.0074,4.894,0.411
IND_FIRM_0049,State_3,Textiles,2019,6.007,45.355,4.01,3.012,0.0268,5.242,0.461
IND_FIRM_0050,State_5,Automotive,2019,5.149,21.592,12.411,15.218,0.0161,5.965,0.449
IND_FIRM_0051,State_3,Automotive,2019,6.139,19.897,8.86,10.378,0.0145,5.4,0.408
IND_FIRM_0052,State_1,Chemicals,2019,5.554,23.801,10.887,10.028,0.0164,5.348,0.458
IND_FIRM_0053,State_5,Automotive,2019,4.351,21.592,12.411,15.218,0.0161,5.005,0.472
IND_FIRM_0054,State_2,Textiles,2019,4.63,55.234,4.158,2.782,0.0362,5.511,0.413
IND_FIRM_0055,State_3,Electronics,2019,4.266,20.378,9.235,8.739,0.0081,5.065,0.365
IND_FIRM_0056,State_1,Automotive,2019,3.463,14.449,14.686,17.91,0.0074,4.928,0.505
IND_FIRM_0057,State_2,Chemicals,2019,6.415,13.757,10.476,14.593,0.0018,6.249,0.406
IND_FIRM_0058,State_2,Textiles,2019,4.769,55.234,4.158,2.782,0.0362,5.468,0.404
IND_FIRM_0059,State_4,Automotive,2019,4.241,53.404,6.781,8.321,0.0658,4.766,0.472
IND_FIRM_0060,State_5,Textiles,2019,7.379,19.463,7.781,5.185,0.0074,5.634,0.349
IND_FIRM_0061,State_3,Chemicals,2019,6.511,9.982,11.572,14.093,0.0003,5.669,0.372
IND_FIRM_0062,State_1,Chemicals,2019,4.975,23.801,10.887,10.028,0.0164,5.122,0.349
IND_FIRM_0063,State_4,Textiles,2019,6.038,13.61,6.609,5.01,0.0036,4.435,0.355
IND_FIRM_0064,State_5,Automotive,2019,3.7,21.592,12.411,15.218,0.0161,4.806,0.419
IND_FIRM_0065,State_4,Electronics,2019,4.837,14.809,18.301,16.43,0.0037,5.332,0.399
IND_FIRM_0066,State_5,Chemicals,2019,5.353,25.965,10.791,10.149,0.02,5.401,0.367
IND_FIRM_0067,State_5,Automotive,2019,6.156,21.592,12.411,15.218,0.0161,6.11,0.342
IND_FIRM_0068,State_3,Automotive,2019,6.486,19.897,8.86,10.378,0.0145,5.639,0.445
IND_FIRM_0069,State_5,Electronics,2019,3.336,30.173,10.047,10.266,0.0137,3.925,0.499
IND_FIRM_0070,State_4,Chemicals,2019,4.859,15.99,14.263,12.214,0.0059,5.017,0.374
IND_FIRM_0071,State_5,Chemicals,2019,3.913,25.965,10.791,10.149,0.02,4.587,0.358
IND_FIRM_0072,State_3,Automotive,2019,5.125,19.897,8.86,10.378,0.0145,4.474,0.456
IND_FIRM_0073,State_3,Automotive,2019,6.027,19.897,8.86,10.378,0.0145,5.21,0.362
IND_FIRM_0074,State_4,Electronics,2019,5.095,14.809,18.301,16.43,0.0037,5.364,0.376
IND_FIRM_0075,State_2,Electronics,2019,4.654,13.465,8.536,8.491,0.0026,4.503,0.406
IND_FIRM_0076,State_2,Chemicals,2019,3.138,13.757,10.476,14.593,0.0018,3.928,0.37
IND_FIRM_0077,State_5,Textiles,2019,6.453,19.463,7.781,5.185,0.0074,5.049,0.456
IND_FIRM_0078,State_1,Chemicals,2019,7.485,23.801,10.887,10.028,0.0164,6.402,0.381
IND_FIRM_0079,State_5,Automotive,2019,4.865,21.592,12.411,15.218,0.0161,5.036,0.45
IND_FIRM_0080,State_4,Chemicals,2019,5.041,15.99,14.263,12.214,0.0059,5.005,0.456
IND_FIRM_0081,State_4,Textiles,2019,7.861,13.61,6.609,5.01,0.0036,5.738,0.475
IND_FIRM_0082,State_4,Electronics,2019,4.482,14.809,18.301,16.43,0.0037,5.348,0.442
IND_FIRM_0083,State_4,Textiles,2019,6.164,13.61,6.609,5.01,0.0036,5.274,0.457
IND_FIRM_0084,State_4,Textiles,2019,6.871,13.61,6.609,5.01,0.0036,5.575,0.422
IND_FIRM_0085,State_3,Textiles,2019,5.919,45.355,4.01,3.012,0.0268,4.921,0.5
IND_FIRM_0086,State_2,Electronics,2019,4.964,13.465,8.536,8.491,0.0026,4.261,0.426
IND_FIRM_0087,State_4,Textiles,2019,5.83,13.61,6.609,5.01,0.0036,4.709,0.439
IND_FIRM_0088,State_1,Textiles,2019,7.734,18.966,7.516,5.136,0.0069,5.925,0.396
IND_FIRM_0089,State_1,Textiles,2019,5.977,18.966,7.516,5.136,0.0069,5.089,0.36
IND_FIRM_0090,State_1,Automotive,2019,4.361,14.449,14.686,17.91,0.0074,5.207,0.27
IND_FIRM_0091,State_1,Textiles,2019,5.491,18.966,7.516,5.136,0.0069,5.015,0.386
IND_FIRM_0092,State_3,Electronics,2019,6.149,20.378,9.235,8.739,0.0081,5.516,0.356
IND_FIRM_0093,State_1,Textiles,2019,8.783,18.966,7.516,5.136,0.0069,6.479,0.414
IND_FIRM_0094,State_4,Textiles,2019,7.444,13.61,6.609,5.01,0.0036,5.264,0.462
IND_FIRM_0095,State_5,Electronics,2019,3.967,30.173,10.047,10.266,0.0137,4.87,0.39
IND_FIRM_0096,State_1,Textiles,2019,5.552,18.966,7.516,5.136,0.0069,4.875,0.402
IND_FIRM_0097,State_3,Electronics,2019,6.909,20.378,9.235,8.739,0.0081,5.107,0.373
IND_FIRM_0098,State_3,Textiles,2019,4.896,45.355,4.01,3.012,0.0268,4.625,0.458
IND_FIRM_0099,State_1,Electronics,2019,5.17,40.672,7.663,8.131,0.0196,5.65,0.438
IND_FIRM_0100,State_5,Textiles,2019,4.241,19.463,7.781,5.185,0.0074,3.76,0.32
IND_FIRM_0101,State_1,Textiles,2019,5.78,18.966,7.516,5.136,0.0069,4.886,0.435
IND_FIRM_0102,State_3,Automotive,2019,5.3,19.897,8.86,10.378,0.0145,5.295,0.439
IND_FIRM_0103,State_2,Automotive,2019,7.486,14.663,8.191,9.552,0.0063,5.975,0.409
IND_FIRM_0104,State_4,Textiles,2019,5.743,13.61,6.609,5.01,0.0036,4.723,0.385
IND_FIRM_0105,State_3,Textiles,2019,3.449,45.355,4.01,3.012,0.0268,3.907,0.453
IND_FIRM_0106,State_1,Chemicals,2019,4.766,23.801,10.887,10.028,0.0164,5.049,0.36
IND_FIRM_0107,State_4,Electronics,2019,2.688,14.809,18.301,16.43,0.0037,4.811,0.332
IND_FIRM_0108,State_1,Chemicals,2019,4.302,23.801,10.887,10.028,0.0164,5.254,0.287
IND_FIRM_0109,State_1,Automotive,2019,4.278,14.449,14.686,17.91,0.0074,5.611,0.32
IND_FIRM_0110,State_2,Automotive,2019,4.393,14.663,8.191,9.552,0.0063,4.681,0.355
IND_FIRM_0111,State_4,Automotive,2019,4.842,53.404,6.781,8.321,0.0658,5.625,0.473
IND_FIRM_0112,State_4,Automotive,2019,4.34,53.404,6.781,8.321,0.0658,4.969,0.529
IND_FIRM_0113,State_2,Textiles,2019,5.654,55.234,4.158,2.782,0.0362,6.002,0.322
IND_FIRM_0114,State_3,Automotive,2019,3.326,19.897,8.86,10.378,0.0145,4.177,0.37
IND_FIRM_0115,State_1,Textiles,2019,4.898,18.966,7.516,5.136,0.0069,4.604,0.392
IND_FIRM_0116,State_5,Textiles,2019,6.343,19.463,7.781,5.185,0.0074,5.529,0.497
IND_FIRM_0117,State_1,Automotive,2019,2.917,14.449,14.686,17.91,0.0074,4.693,0.408
IND_FIRM_0118,State_1,Automotive,2019,4.414,14.449,14.686,17.91,0.0074,5.268,0.429
IND_FIRM_0119,State_3,Electronics,2019,5.577,20.378,9.235,8.739,0.0081,5.129,0.457
IND_FIRM_0120,State_1,Chemicals,2019,4.837,23.801,10.887,10.028,0.0164,5.053,0.357
IND_FIRM_0121,State_2,Automotive,2019,4.67,14.663,8.191,9.552,0.0063,4.45,0.498
IND_FIRM_0122,State_2,Electronics,2019,6.024,13.465,8.536,8.491,0.0026,4.877,0.397
IND_FIRM_0123,State_4,Electronics,2019,2.69,14.809,18.301,16.43,0.0037,4.976,0.452
IND_FIRM_0124,State_5,Chemicals,2019,5.853,25.965,10.791,10.149,0.02,5.818,0.437
IND_FIRM_0125,State_1,Textiles,2019,6.056,18.966,7.516,5.136,0.0069,5.172,0.387
IND_FIRM_0126,State_1,Automotive,2019,4.631,14.449,14.686,17.91,0.0074,5.083,0.379
IND_FIRM_0127,State_3,Chemicals,2019,8.2,9.982,11.572,14.093,0.0003,6.158,0.438
IND_FIRM_0128,State_2,Automotive,2019,5.067,14.663,8.191,9.552,0.0063,4.385,0.323
IND_FIRM_0129,State_5,Electronics,2019,6.293,30.173,10.047,10.266,0.0137,5.995,0.371
IND_FIRM_0130,State_4,Electronics,2019,1.82,14.809,18.301,16.43,0.0037,3.751,0.428
IND_FIRM_0131,State_2,Textiles,2019,2.549,55.234,4.158,2.782,0.0362,4.167,0.485
IND_FIRM_0132,State_4,Electronics,2019,2.373,14.809,18.301,16.43,0.0037,4.342,0.311
IND_FIRM_0133,State_3,Electronics,2019,4.719,20.378,9.235,8.739,0.0081,4.411,0.342
IND_FIRM_0134,State_3,Chemicals,2019,5.172,9.982,11.572,14.093,0.0003,5.224,0.395
IND_FIRM_0135,State_1,Automotive,2019,4.666,14.449,14.686,17.91,0.0074,4.943,0.356
IND_FIRM_0136,State_5,Automotive,2019,4.037,21.592,12.411,15.218,0.0161,4.914,0.377
IND_FIRM_0137,State_4,Chemicals,2019,4.634,15.99,14.263,12.214,0.0059,4.95,0.446
IND_FIRM_0138,State_2,Textiles,2019,5.387,55.234,4.158,2.782,0.0362,5.43,0.401
IND_FIRM_0139,State_3,Automotive,2019,6.444,19.897,8.86,10.378,0.0145,5.961,0.389
IND_FIRM_0140,State_1,Electronics,2019,3.222,40.672,7.663,8.131,0.0196,4.635,0.359
IND_FIRM_0141,State_1,Automotive,2019,4.103,14.449,14.686,17.91,0.0074,5.16,0.437
IND_FIRM_0142,State_4,Electronics,2019,3.974,14.809,18.301,16.43,0.0037,5.146,0.372
IND_FIRM_0143,State_3,Textiles,2019,6.268,45.355,4.01,3.012,0.0268,5.453,0.39
IND_FIRM_0144,State_5,Chemicals,2019,4.634,25.965,10.791,10.149,0.02,4.644,0.45
IND_FIRM_0145,State_3,Automotive,2019,5.273,19.897,8.86,10.378,0.0145,4.786,0.414
IND_FIRM_0146,State_4,Chemicals,2019,5.397,15.99,14.263,12.214,0.0059,4.943,0.516
IND_FIRM_0147,State_4,Automotive,2019,3.616,53.404,6.781,8.321,0.0658,4.629,0.42
IND_FIRM_0148,State_3,Electronics,2019,5.098,20.378,9.235,8.739,0.0081,4.54,0.475
IND_FIRM_0149,State_4,Chemicals,2019,5.147,15.99,14.263,12.214,0.0059,5.105,0.357
IND_FIRM_0150,State_3,Automotive,2019,5.349,19.897,8.86,10.378,0.0145,4.758,0.44
IND_FIRM_0151,State_2,Electronics,2019,6.354,13.465,8.536,8.491,0.0026,5.146,0.395
IND_FIRM_0152,State_3,Chemicals,2019,4.156,9.982,11.572,14.093,0.0003,4.561,0.411
IND_FIRM_0153,State_3,Chemicals,2019,4.353,9.982,11.572,14.093,0.0003,4.38,0.433
IND_FIRM_0154,State_4,Automotive,2019,4.238,53.404,6.781,8.321,0.0658,4.758,0.401
IND_FIRM_0155,State_4,Automotive,2019,4.828,53.404,6.781,8.321,0.0658,5.196,0.489
IND_FIRM_0156,State_1,Automotive,2019,3.537,14.449,14.686,17.91,0.0074,4.732,0.39
IND_FIRM_0157,State_1,Electronics,2019,5.33,40.672,7.663,8.131,0.0196,4.886,0.376
IND_FIRM_0158,State_2,Automotive,2019,6.58,14.663,8.191,9.552,0.0063,5.406,0.317
IND_FIRM_0159,State_1,Chemicals,2019,6.654,23.801,10.887,10.028,0.0164,5.878,0.431
IND_FIRM_0160,State_3,Chemicals,2019,3.944,9.982,11.572,14.093,0.0003,4.692,0.42
IND_FIRM_0161,State_4,Automotive,2019,3.429,53.404,6.781,8.321,0.0658,4.747,0.439
IND_FIRM_0162,State_1,Automotive,2019,3.138,14.449,14.686,17.91,0.0074,4.385,0.326
IND_FIRM_0163,State_1,Textiles,2019,4.83,18.966,7.516,5.136,0.0069,4.244,0.392
IND_FIRM_0164,State_2,Chemicals,2019,7.194,13.757,10.476,14.593,0.0018,6.363,0.364
IND_FIRM_0165,State_2,Electronics,2019,4.861,13.465,8.536,8.491,0.0026,4.437,0.487
IND_FIRM_0166,State_3,Textiles,2019,4.581,45.355,4.01,3.012,0.0268,4.742,0.319
IND_FIRM_0167,State_4,Automotive,2019,5.341,53.404,6.781,8.321,0.0658,5.474,0.377
IND_FIRM_0168,State_2,Automotive,2019,4.297,14.663,8.191,9.552,0.0063,4.011,0.355
IND_FIRM_0169,State_1,Chemicals,2019,5.395,23.801,10.887,10.028,0.0164,5.346,0.319
IND_FIRM_0170,State_4,Automotive,2019,2.785,53.404,6.781,8.321,0.0658,4.39,0.455
IND_FIRM_0171,State_4,Electronics,2019,5.094,14.809,18.301,16.43,0.0037,5.512,0.34
IND_FIRM_0172,State_1,Chemicals,2019,2.546,23.801,10.887,10.028,0.0164,3.938,0.405
IND_FIRM_0173,State_2,Automotive,2019,4.028,14.663,8.191,9.552,0.0063,4.32,0.368
IND_FIRM_0174,State_1,Chemicals,2019,4.361,23.801,10.887,10.028,0.0164,4.787,0.403
IND_FIRM_0175,State_4,Automotive,2019,5.378,53.404,6.781,8.321,0.0658,5.458,0.371
IND_FIRM_0176,State_5,Automotive,2019,3.916,21.592,12.411,15.218,0.0161,5.271,0.28
IND_FIRM_0177,State_5,Automotive,2019,3.991,21.592,12.411,15.218,0.0161,4.83,0.36
IND_FIRM_0178,State_3,Electronics,2019,7.042,20.378,9.235,8.739,0.0081,5.931,0.479
IND_FIRM_0179,State_1,Electronics,2019,6.517,40.672,7.663,8.131,0.0196,6.133,0.365
IND_FIRM_0180,State_1,Chemicals,2019,5.57,23.801,10.887,10.028,0.0164,5.409,0.416
IND_FIRM_0181,State_3,Automotive,2019,4.832,19.897,8.86,10.378,0.0145,4.869,0.378
IND_FIRM_0182,State_3,Automotive,2019,5.021,19.897,8.86,10.378,0.0145,5.13,0.339
IND_FIRM_0183,State_3,Electronics,2019,4.029,20.378,9.235,8.739,0.0081,4.512,0.439
IND_FIRM_0184,State_4,Automotive,2019,3.731,53.404,6.781,8.321,0.0658,4.87,0.454
IND_FIRM_0185,State_1,Electronics,2019,2.786,40.672,7.663,8.131,0.0196,4.197,0.462
IND_FIRM_0186,State_4,Automotive,2019,4.559,53.404,6.781,8.321,0.0658,5.22,0.346
IND_FIRM_0187,State_3,Chemicals,2019,7.97,9.982,11.572,14.093,0.0003,5.906,0.482
IND_FIRM_0188,State_1,Automotive,2019,5.187,14.449,14.686,17.91,0.0074,5.741,0.388
IND_FIRM_0189,State_4,Automotive,2019,3.872,53.404,6.781,8.321,0.0658,4.643,0.454
IND_FIRM_0190,State_4,Textiles,2019,6.801,13.61,6.609,5.01,0.0036,5.243,0.332
IND_FIRM_0191,State_3,Electronics,2019,6.935,20.378,9.235,8.739,0.0081,5.698,0.392
IND_FIRM_0192,State_1,Automotive,2019,5.96,14.449,14.686,17.91,0.0074,6.018,0.364
IND_FIRM_0193,State_3,Automotive,2019,4.595,19.897,8.86,10.378,0.0145,4.907,0.531
IND_FIRM_0194,State_1,Textiles,2019,6.35,18.966,7.516,5.136,0.0069,5.306,0.425
IND_FIRM_0195,State_5,Textiles,2019,5.823,19.463,7.781,5.185,0.0074,5.097,0.406
IND_FIRM_0196,State_2,Electronics,2019,7.275,13.465,8.536,8.491,0.0026,5.455,0.323
IND_FIRM_0197,State_2,Textiles,2019,5.062,55.234,4.158,2.782,0.0362,5.263,0.447
IND_FIRM_0198,State_2,Chemicals,2019,2.832,13.757,10.476,14.593,0.0018,3.8,0.258
IND_FIRM_0199,State_3,Textiles,2019,4.991,45.355,4.01,3.012,0.0268,5.229,0.427
IND_FIRM_0200,State_5,Chemicals,2019,5.332,25.965,10.791,10.149,0.02,5.43,0.384
IND_FIRM_0201,State_1,Electronics,2019,3.274,40.672,7.663,8.131,0.0196,4.415,0.441
IND_FIRM_0202,State_4,Electronics,2019,4.934,14.809,18.301,16.43,0.0037,5.324,0.463
IND_FIRM_0203,State_1,Electronics,2019,2.983,40.672,7.663,8.131,0.0196,4.227,0.496
IND_FIRM_0204,State_4,Electronics,2019,3.527,14.809,18.301,16.43,0.0037,4.474,0.417
IND_FIRM_0205,State_1,Electronics,2019,6.569,40.672,7.663,8.131,0.0196,5.64,0.356
IND_FIRM_0206,State_5,Chemicals,2019,4.493,25.965,10.791,10.149,0.02,4.481,0.269
IND_FIRM_0207,State_4,Chemicals,2019,5.68,15.99,14.263,12.214,0.0059,5.184,0.443
IND_FIRM_0208,State_3,Electronics,2019,3.521,20.378,9.235,8.739,0.0081,4.374,0.33
IND_FIRM_0209,State_1,Textiles,2019,8.512,18.966,7.516,5.136,0.0069,6.235,0.366
IND_FIRM_0210,State_1,Automotive,2019,4.503,14.449,14.686,17.91,0.0074,4.576,0.458
IND_FIRM_0211,State_4,Electronics,2019,4.118,14.809,18.301,16.43,0.0037,5.349,0.367
IND_FIRM_0212,State_3,Textiles,2019,5.694,45.355,4.01,3.012,0.0268,5.422,0.379
IND_FIRM_0213,State_3,Automotive,2019,6.037,19.897,8.86,10.378,0.0145,5.423,0.401
IND_FIRM_0214,State_5,Electronics,2019,3.304,30.173,10.047,10.266,0.0137,4.099,0.384
IND_FIRM_0215,State_3,Electronics,2019,6.067,20.378,9.235,8.739,0.0081,4.864,0.429
IND_FIRM_0216,State_3,Chemicals,2019,4.158,9.982,11.572,14.093,0.0003,4.853,0.45
IND_FIRM_0217,State_3,Automotive,2019,3.785,19.897,8.86,10.378,0.0145,4.322,0.414
IND_FIRM_0218,State_2,Automotive,2019,6.611,14.663,8.191,9.552,0.0063,5.52,0.348
IND_FIRM_0219,State_5,Textiles,2019,6.375,19.463,7.781,5.185,0.0074,4.694,0.442
IND_FIRM_0220,State_1,Chemicals,2019,5.014,23.801,10.887,10.028,0.0164,5.237,0.421
IND_FIRM_0221,State_4,Chemicals,2019,4.914,15.99,14.263,12.214,0.0059,5.413,0.463
IND_FIRM_0222,State_1,Chemicals,2019,5.38,23.801,10.887,10.028,0.0164,4.521,0.415
IND_FIRM_0223,State_5,Chemicals,2019,6.685,25.965,10.791,10.149,0.02,5.983,0.411
IND_FIRM_0224,State_4,Automotive,2019,3.836,53.404,6.781,8.321,0.0658,4.924,0.495
IND_FIRM_0225,State_5,Automotive,2019,2.512,21.592,12.411,15.218,0.0161,4.431,0.395
IND_FIRM_0226,State_3,Electronics,2019,5.32,20.378,9.235,8.739,0.0081,5.136,0.357
IND_FIRM_0227,State_4,Electronics,2019,4.381,14.809,18.301,16.43,0.0037,5.469,0.388
IND_FIRM_0228,State_3,Chemicals,2019,5.741,9.982,11.572,14.093,0.0003,5.345,0.486
IND_FIRM_0229,State_1,Chemicals,2019,4.385,23.801,10.887,10.028,0.0164,4.536,0.344
IND_FIRM_0230,State_1,Chemicals,2019,5.779,23.801,10.887,10.028,0.0164,5.422,0.362
IND_FIRM_0231,State_4,Electronics,2019,2.531,14.809,18.301,16.43,0.0037,4.242,0.382
IND_FIRM_0232,State_4,Textiles,2019,7.683,13.61,6.609,5.01,0.0036,5.568,0.333
IND_FIRM_0233,State_5,Textiles,2019,4.484,19.463,7.781,5.185,0.0074,4.777,0.492
IND_FIRM_0234,State_5,Electronics,2019,4.016,30.173,10.047,10.266,0.0137,4.932,0.347
IND_FIRM_0235,State_3,Electronics,2019,6.473,20.378,9.235,8.739,0.0081,5.688,0.453
IND_FIRM_0236,State_4,Electronics,2019,4.308,14.809,18.301,16.43,0.0037,5.014,0.497
IND_FIRM_0237,State_1,Electronics,2019,5.722,40.672,7.663,8.131,0.0196,5.316,0.358
IND_FIRM_0238,State_5,Electronics,2019,5.505,30.173,10.047,10.266,0.0137,5.595,0.519
IND_FIRM_0239,State_5,Electronics,2019,5.566,30.173,10.047,10.266,0.0137,5.782,0.45
IND_FIRM_0240,State_1,Chemicals,2019,5.933,23.801,10.887,10.028,0.0164,5.905,0.309
IND_FIRM_0241,State_5,Chemicals,2019,4.315,25.965,10.791,10.149,0.02,4.898,0.438
IND_FIRM_0242,State_3,Chemicals,2019,5.648,9.982,11.572,14.093,0.0003,5.316,0.474
IND_FIRM_0243,State_4,Chemicals,2019,3.587,15.99,14.263,12.214,0.0059,4.387,0.444
IND_FIRM_0244,State_1,Electronics,2019,4.349,40.672,7.663,8.131,0.0196,5.224,0.452
IND_FIRM_0245,State_4,Textiles,2019,6.934,13.61,6.609,5.01,0.0036,5.477,0.472
IND_FIRM_0246,State_5,Automotive,2019,4.335,21.592,12.411,15.218,0.0161,5.148,0.393
IND_FIRM_0247,State_5,Electronics,2019,5.004,30.173,10.047,10.266,0.0137,5.265,0.37
IND_FIRM_0248,State_1,Automotive,2019,4.549,14.449,14.686,17.91,0.0074,4.921,0.398
IND_FIRM_0249,State_3,Textiles,2019,6.279,45.355,4.01,3.012,0.0268,5.68,0.403
IND_FIRM_0250,State_2,Chemicals,2019,4.861,13.757,10.476,14.593,0.0018,5.019,0.439
IND_FIRM_0251,State_1,Textiles,2019,5.595,18.966,7.516,5.136,0.0069,4.901,0.419
IND_FIRM_0252,State_2,Electronics,2019,6.841,13.465,8.536,8.491,0.0026,5.361,0.345
IND_FIRM_0253,State_2,Chemicals,2019,4.166,13.757,10.476,14.593,0.0018,4.527,0.451
IND_FIRM_0254,State_3,Electronics,2019,5.763,20.378,9.235,8.739,0.0081,5.154,0.344
IND_FIRM_0255,State_2,Chemicals,2019,4.179,13.757,10.476,14.593,0.0018,4.79,0.403
IND_FIRM_0256,State_2,Automotive,2019,6.668,14.663,8.191,9.552,0.0063,5.621,0.464
IND_FIRM_0257,State_3,Automotive,2019,5.623,19.897,8.86,10.378,0.0145,4.801,0.427
IND_FIRM_0258,State_2,Automotive,2019,5.837,14.663,8.191,9.552,0.0063,4.913,0.394
IND_FIRM_0259,State_2,Textiles,2019,4.551,55.234,4.158,2.782,0.0362,5.33,0.357
IND_FIRM_0260,State_2,Electronics,2019,4.546,13.465,8.536,8.491,0.0026,4.475,0.383
IND_FIRM_0261,State_1,Textiles,2019,4.623,18.966,7.516,5.136,0.0069,4.718,0.406
IND_FIRM_0262,State_1,Automotive,2019,5.436,14.449,14.686,17.91,0.0074,5.635,0.266
IND_FIRM_0263,State_1,Electronics,2019,5.748,40.672,7.663,8.131,0.0196,5.801,0.421
IND_FIRM_0264,State_3,Automotive,2019,6.007,19.897,8.86,10.378,0.0145,4.77,0.373
IND_FIRM_0265,State_5,Textiles,2019,4.504,19.463,7.781,5.185,0.0074,3.986,0.458
IND_FIRM_0266,State_2,Textiles,2019,5.46,55.234,4.158,2.782,0.0362,5.437,0.461
IND_FIRM_0267,State_2,Textiles,2019,5.285,55.234,4.158,2.782,0.0362,5.686,0.376
IND_FIRM_0268,State_3,Automotive,2019,5.135,19.897,8.86,10.378,0.0145,5.045,0.354
IND_FIRM_0269,State_2,Electronics,2019,7.576,13.465,8.536,8.491,0.0026,5.592,0.374
IND_FIRM_0270,State_1,Electronics,2019,4.029,40.672,7.663,8.131,0.0196,4.492,0.402
IND_FIRM_0271,State_5,Automotive,2019,4.282,21.592,12.411,15.218,0.0161,4.651,0.448
IND_FIRM_0272,State_4,Electronics,2019,1.217,14.809,18.301,16.43,0.0037,3.596,0.496
IND_FIRM_0273,State_2,Automotive,2019,6.996,14.663,8.191,9.552,0.0063,5.218,0.53
IND_FIRM_0274,State_1,Electronics,2019,5.068,40.672,7.663,8.131,0.0196,5.196,0.446
IND_FIRM_0275,State_4,Chemicals,2019,3.286,15.99,14.263,12.214,0.0059,4.261,0.435
IND_FIRM_0276,State_5,Chemicals,2019,2.764,25.965,10.791,10.149,0.02,3.891,0.413
IND_FIRM_0277,State_4,Textiles,2019,4.98,13.61,6.609,5.01,0.0036,4.505,0.401
IND_FIRM_0278,State_1,Chemicals,2019,5.412,23.801,10.887,10.028,0.0164,5.156,0.402
IND_FIRM_0279,State_4,Chemicals,2019,4.347,15.99,14.263,12.214,0.0059,4.918,0.416
IND_FIRM_0280,State_3,Chemicals,2019,4.651,9.982,11.572,14.093,0.0003,4.634,0.41
IND_FIRM_0281,State_4,Automotive,2019,2.601,53.404,6.781,8.321,0.0658,4.815,0.442
IND_FIRM_0282,State_2,Chemicals,2019,5.119,13.757,10.476,14.593,0.0018,4.339,0.403
IND_FIRM_0283,State_2,Chemicals,2019,3.619,13.757,10.476,14.593,0.0018,4.182,0.349
IND_FIRM_0284,State_3,Textiles,2019,4.705,45.355,4.01,3.012,0.0268,4.754,0.371
IND_FIRM_0285,State_1,Chemicals,2019,3.532,23.801,10.887,10.028,0.0164,4.394,0.301
IND_FIRM_0286,State_2,Chemicals,2019,6.311,13.757,10.476,14.593,0.0018,5.512,0.467
IND_FIRM_0287,State_5,Electronics,2019,4.596,30.173,10.047,10.266,0.0137,4.865,0.375
IND_FIRM_0288,State_2,Textiles,2019,3.743,55.234,4.158,2.782,0.0362,4.106,0.412
IND_FIRM_0289,State_2,Textiles,2019,7.279,55.234,4.158,2.782,0.0362,6.466,0.411
IND_FIRM_0290,State_1,Textiles,2019,5.806,18.966,7.516,5.136,0.0069,4.617,0.404
IND_FIRM_0291,State_4,Textiles,2019,6.983,13.61,6.609,5.01,0.0036,5.607,0.405
IND_FIRM_0292,State_2,Textiles,2019,5.951,55.234,4.158,2.782,0.0362,5.533,0.363
IND_FIRM_0293,State_3,Textiles,2019,4.114,45.355,4.01,3.012,0.0268,4.503,0.375
IND_FIRM_0294,State_4,Automotive,2019,3.622,53.404,6.781,8.321,0.0658,5.118,0.285
IND_FIRM_0295,State_5,Chemicals,2019,4.051,25.965,10.791,10.149,0.02,4.577,0.284
IND_FIRM_0296,State_1,Textiles,2019,5.497,18.966,7.516,5.136,0.0069,4.956,0.347
IND_FIRM_0297,State_5,Chemicals,2019,6.023,25.965,10.791,10.149,0.02,5.43,0.377
IND_FIRM_0298,State_4,Chemicals,2019,4.013,15.99,14.263,12.214,0.0059,4.624,0.436
IND_FIRM_0299,State_4,Automotive,2019,3.995,53.404,6.781,8.321,0.0658,4.764,0.382
IND_FIRM_0300,State_4,Textiles,2019,5.837,13.61,6.609,5.01,0.0036,5.179,0.504
IND_FIRM_0301,State_5,Electronics,2019,4.13,30.173,10.047,10.266,0.0137,4.764,0.362
IND_FIRM_0302,State_4,Automotive,2019,3.009,53.404,6.781,8.321,0.0658,4.396,0.354
IND_FIRM_0303,State_5,Electronics,2019,5.584,30.173,10.047,10.266,0.0137,5.271,0.358
IND_FIRM_0304,State_4,Chemicals,2019,6.1,15.99,14.263,12.214,0.0059,5.645,0.421
IND_FIRM_0305,State_3,Chemicals,2019,5.524,9.982,11.572,14.093,0.0003,5.193,0.405
IND_FIRM_0306,State_4,Automotive,2019,3.241,53.404,6.781,8.321,0.0658,5.121,0.421
IND_FIRM_0307,State_5,Automotive,2019,3.772,21.592,12.411,15.218,0.0161,4.654,0.32
IND_FIRM_0308,State_2,Electronics,2019,5.688,13.465,8.536,8.491,0.0026,4.965,0.49
IND_FIRM_0309,State_4,Textiles,2019,9.313,13.61,6.609,5.01,0.0036,6.239,0.316
IND_FIRM_0310,State_2,Electronics,2019,6.449,13.465,8.536,8.491,0.0026,5.603,0.456
IND_FIRM_0311,State_3,Automotive,2019,5.304,19.897,8.86,10.378,0.0145,4.287,0.399
IND_FIRM_0312,State_1,Electronics,2019,4.46,40.672,7.663,8.131,0.0196,4.952,0.358
IND_FIRM_0313,State_3,Automotive,2019,4.852,19.897,8.86,10.378,0.0145,4.798,0.405
IND_FIRM_0314,State_4,Electronics,2019,4.905,14.809,18.301,16.43,0.0037,5.31,0.421
IND_FIRM_0315,State_2,Automotive,2019,6.652,14.663,8.191,9.552,0.0063,5.744,0.459
IND_FIRM_0316,State_2,Automotive,2019,6.413,14.663,8.191,9.552,0.0063,5.661,0.401
IND_FIRM_0317,State_5,Automotive,2019,3.403,21.592,12.411,15.218,0.0161,4.754,0.308
IND_FIRM_0318,State_2,Textiles,2019,4.751,55.234,4.158,2.782,0.0362,5.052,0.426
IND_FIRM_0319,State_5,Electronics,2019,3.344,30.173,10.047,10.266,0.0137,4.032,0.397
IND_FIRM_0320,State_1,Electronics,2019,3.681,40.672,7.663,8.131,0.0196,4.556,0.464
IND_FIRM_0321,State_4,Electronics,2019,4.687,14.809,18.301,16.43,0.0037,5.657,0.388
IND_FIRM_0322,State_5,Automotive,2019,3.842,21.592,12.411,15.218,0.0161,4.5,0.428
IND_FIRM_0323,State_1,Electronics,2019,4.004,40.672,7.663,8.131,0.0196,4.4,0.452
IND_FIRM_0324,State_2,Electronics,2019,5.914,13.465,8.536,8.491,0.0026,5.249,0.429
IND_FIRM_0325,State_2,Automotive,2019,7.11,14.663,8.191,9.552,0.0063,5.518,0.37
IND_FIRM_0326,State_1,Chemicals,2019,3.838,23.801,10.887,10.028,0.0164,4.786,0.372
IND_FIRM_0327,State_2,Automotive,2019,2.837,14.663,8.191,9.552,0.0063,3.339,0.365
IND_FIRM_0328,State_1,Electronics,2019,3.926,40.672,7.663,8.131,0.0196,4.387,0.46
IND_FIRM_0329,State_5,Automotive,2019,5.62,21.592,12.411,15.218,0.0161,5.689,0.404
IND_FIRM_0330,State_5,Chemicals,2019,4.809,25.965,10.791,10.149,0.02,5.497,0.441
IND_FIRM_0331,State_1,Automotive,2019,5.834,14.449,14.686,17.91,0.0074,5.61,0.371
IND_FIRM_0332,State_5,Electronics,2019,3.617,30.173,10.047,10.266,0.0137,4.734,0.41
IND_FIRM_0333,State_5,Chemicals,2019,3.527,25.965,10.791,10.149,0.02,4.12,0.395
IND_FIRM_0334,State_5,Textiles,2019,6.749,19.463,7.781,5.185,0.0074,5.238,0.334
IND_FIRM_0335,State_3,Electronics,2019,5.287,20.378,9.235,8.739,0.0081,5.178,0.462
IND_FIRM_0336,State_4,Chemicals,2019,4.6,15.99,14.263,12.214,0.0059,5.293,0.39
IND_FIRM_0337,State_2,Chemicals,2019,6.03,13.757,10.476,14.593,0.0018,5.468,0.363
IND_FIRM_0338,State_3,Textiles,2019,5.563,45.355,4.01,3.012,0.0268,5.33,0.372
IND_FIRM_0339,State_5,Automotive,2019,5.136,21.592,12.411,15.218,0.0161,5.522,0.309
IND_FIRM_0340,State_1,Automotive,2019,5.629,14.449,14.686,17.91,0.0074,5.769,0.433
IND_FIRM_0341,State_5,Electronics,2019,5.297,30.173,10.047,10.266,0.0137,5.177,0.372
IND_FIRM_0342,State_4,Textiles,2019,7.099,13.61,6.609,5.01,0.0036,5.299,0.427
IND_FIRM_0343,State_5,Automotive,2019,6.175,21.592,12.411,15.218,0.0161,5.746,0.468
IND_FIRM_0344,State_1,Textiles,2019,7.801,18.966,7.516,5.136,0.0069,6.046,0.338
IND_FIRM_0345,State_4,Automotive,2019,3.507,53.404,6.781,8.321,0.0658,4.791,0.379
IND_FIRM_0346,State_5,Chemicals,2019,5.208,25.965,10.791,10.149,0.02,5.234,0.373
IND_FIRM_0347,State_4,Automotive,2019,3.906,53.404,6.781,8.321,0.0658,4.823,0.39
IND_FIRM_0348,State_2,Textiles,2019,4.47,55.234,4.158,2.782,0.0362,4.436,0.434
IND_FIRM_0349,State_2,Chemicals,2019,4.304,13.757,10.476,14.593,0.0018,5.049,0.432
IND_FIRM_0350,State_5,Chemicals,2019,4.756,25.965,10.791,10.149,0.02,5.393,0.393
IND_FIRM_0351,State_4,Chemicals,2019,4.762,15.99,14.263,12.214,0.0059,5.483,0.292
IND_FIRM_0352,State_1,Textiles,2019,6.43,18.966,7.516,5.136,0.0069,5.4,0.388
IND_FIRM_0353,State_5,Electronics,2019,4.36,30.173,10.047,10.266,0.0137,4.977,0.427
IND_FIRM_0354,State_2,Electronics,2019,6.063,13.465,8.536,8.491,0.0026,4.916,0.372
IND_FIRM_0355,State_2,Electronics,2019,6.572,13.465,8.536,8.491,0.0026,5.781,0.377
IND_FIRM_0356,State_5,Textiles,2019,4.48,19.463,7.781,5.185,0.0074,4.625,0.326
IND_FIRM_0357,State_4,Chemicals,2019,5.257,15.99,14.263,12.214,0.0059,5.319,0.493
IND_FIRM_0358,State_2,Electronics,2019,6.126,13.465,8.536,8.491,0.0026,5.389,0.422
IND_FIRM_0359,State_4,Textiles,2019,7.702,13.61,6.609,5.01,0.0036,5.258,0.451
IND_FIRM_0360,State_2,Electronics,2019,4.587,13.465,8.536,8.491,0.0026,4.45,0.403
IND_FIRM_0361,State_2,Automotive,2019,7.133,14.663,8.191,9.552,0.0063,5.503,0.319
IND_FIRM_0362,State_3,Electronics,2019,5.616,20.378,9.235,8.739,0.0081,5.233,0.405
IND_FIRM_0363,State_2,Electronics,2019,6.312,13.465,8.536,8.491,0.0026,5.208,0.379
IND_FIRM_0364,State_1,Chemicals,2019,4.851,23.801,10.887,10.028,0.0164,4.708,0.446
IND_FIRM_0365,State_5,Textiles,2019,6.306,19.463,7.781,5.185,0.0074,5.425,0.399
IND_FIRM_0366,State_5,Chemicals,2019,4.683,25.965,10.791,10.149,0.02,5.45,0.327
IND_FIRM_0367,State_4,Chemicals,2019,6.114,15.99,14.263,12.214,0.0059,5.567,0.355
IND_FIRM_0368,State_2,Chemicals,2019,3.803,13.757,10.476,14.593,0.0018,4.38,0.445
IND_FIRM_0369,State_1,Chemicals,2019,5.214,23.801,10.887,10.028,0.0164,5.086,0.354
IND_FIRM_0370,State_4,Chemicals,2019,5.028,15.99,14.263,12.214,0.0059,5.214,0.455
IND_FIRM_0371,State_3,Electronics,2019,5.05,20.378,9.235,8.739,0.0081,5.012,0.403
IND_FIRM_0372,State_4,Chemicals,2019,4.14,15.99,14.263,12.214,0.0059,4.83,0.38
IND_FIRM_0373,State_4,Chemicals,2019,4.599,15.99,14.263,12.214,0.0059,5.164,0.407
IND_FIRM_0374,State_2,Textiles,2019,5.12,55.234,4.158,2.782,0.0362,5.033,0.445
IND_FIRM_0375,State_3,Automotive,2019,3.393,19.897,8.86,10.378,0.0145,4.156,0.383
IND_FIRM_0376,State_4,Electronics,2019,5.039,14.809,18.301,16.43,0.0037,5.852,0.396
IND_FIRM_0377,State_1,Electronics,2019,4.328,40.672,7.663,8.131,0.0196,5.045,0.425
IND_FIRM_0378,State_1,Electronics,2019,4.641,40.672,7.663,8.131,0.0196,4.931,0.509
IND_FIRM_0379,State_5,Chemicals,2019,4.951,25.965,10.791,10.149,0.02,5.108,0.45
IND_FIRM_0380,State_3,Chemicals,2019,4.578,9.982,11.572,14.093,0.0003,4.784,0.439
IND_FIRM_0381,State_3,Chemicals,2019,5.194,9.982,11.572,14.093,0.0003,4.8,0.508
IND_FIRM_0382,State_5,Textiles,2019,3.91,19.463,7.781,5.185,0.0074,4.413,0.368
IND_FIRM_0383,State_4,Automotive,2019,5.009,53.404,6.781,8.321,0.0658,5.6,0.388
IND_FIRM_0384,State_3,Chemicals,2019,6.286,9.982,11.572,14.093,0.0003,5.768,0.321
IND_FIRM_0385,State_1,Automotive,2019,2.996,14.449,14.686,17.91,0.0074,4.37,0.377
IND_FIRM_0386,State_1,Textiles,2019,6.127,18.966,7.516,5.136,0.0069,4.607,0.391
IND_FIRM_0387,State_2,Electronics,2019,4.868,13.465,8.536,8.491,0.0026,4.484,0.394
IND_FIRM_0388,State_3,Chemicals,2019,5.344,9.982,11.572,14.093,0.0003,5.361,0.408
IND_FIRM_0389,State_4,Automotive,2019,5.555,53.404,6.781,8.321,0.0658,5.392,0.329
IND_FIRM_0390,State_5,Automotive,2019,5.491,21.592,12.411,15.218,0.0161,5.667,0.396
IND_FIRM_0391,State_5,Chemicals,2019,6.516,25.965,10.791,10.149,0.02,5.446,0.428
IND_FIRM_0392,State_4,Electronics,2019,5.165,14.809,18.301,16.43,0.0037,5.573,0.497
IND_FIRM_0393,State_2,Electronics,2019,5.803,13.465,8.536,8.491,0.0026,4.924,0.335
IND_FIRM_0394,State_5,Electronics,2019,3.767,30.173,10.047,10.266,0.0137,4.638,0.271
IND_FIRM_0395,State_3,Textiles,2019,5.298,45.355,4.01,3.012,0.0268,4.858,0.398
IND_FIRM_0396,State_2,Automotive,2019,6.484,14.663,8.191,9.552,0.0063,5.603,0.424
IND_FIRM_0397,State_3,Automotive,2019,4.809,19.897,8.86,10.378,0.0145,4.252,0.371
IND_FIRM_0398,State_1,Automotive,2019,6.516,14.449,14.686,17.91,0.0074,5.795,0.372
IND_FIRM_0399,State_2,Textiles,2019,5.135,55.234,4.158,2.782,0.0362,5.295,0.331
IND_FIRM_0400,State_5,Automotive,2019,4.344,21.592,12.411,15.218,0.0161,5.083,0.372
IND_FIRM_0401,State_2,Textiles,2019,4.07,55.234,4.158,2.782,0.0362,4.445,0.443
IND_FIRM_0402,State_2,Electronics,2019,5.259,13.465,8.536,8.491,0.0026,4.686,0.475
IND_FIRM_0403,State_2,Chemicals,2019,5.42,13.757,10.476,14.593,0.0018,5.119,0.477
IND_FIRM_0404,State_2,Automotive,2019,5.828,14.663,8.191,9.552,0.0063,5.099,0.377
IND_FIRM_0405,State_3,Automotive,2019,6.524,19.897,8.86,10.378,0.0145,5.601,0.336
IND_FIRM_0406,State_1,Electronics,2019,4.928,40.672,7.663,8.131,0.0196,4.936,0.405
IND_FIRM_0407,State_4,Chemicals,2019,5.502,15.99,14.263,12.214,0.0059,4.946,0.508
IND_FIRM_0408,State_2,Textiles,2019,4.669,55.234,4.158,2.782,0.0362,5.093,0.492
IND_FIRM_0409,State_5,Chemicals,2019,5.628,25.965,10.791,10.149,0.02,5.316,0.351
IND_FIRM_0410,State_2,Electronics,2019,5.678,13.465,8.536,8.491,0.0026,4.768,0.419
IND_FIRM_0411,State_5,Electronics,2019,5.642,30.173,10.047,10.266,0.0137,5.493,0.368
IND_FIRM_0412,State_3,Chemicals,2019,5.935,9.982,11.572,14.093,0.0003,4.841,0.414
IND_FIRM_0413,State_5,Textiles,2019,6.47,19.463,7.781,5.185,0.0074,5.73,0.496
IND_FIRM_0414,State_4,Textiles,2019,6.76,13.61,6.609,5.01,0.0036,5.521,0.38
IND_FIRM_0415,State_1,Automotive,2019,3.299,14.449,14.686,17.91,0.0074,4.678,0.363
IND_FIRM_0416,State_5,Textiles,2019,6.302,19.463,7.781,5.185,0.0074,5.394,0.349
IND_FIRM_0417,State_5,Chemicals,2019,5.971,25.965,10.791,10.149,0.02,5.777,0.459
IND_FIRM_0418,State_1,Electronics,2019,4.849,40.672,7.663,8.131,0.0196,5.445,0.356
IND_FIRM_0419,State_4,Automotive,2019,3.139,53.404,6.781,8.321,0.0658,4.857,0.397
IND_FIRM_0420,State_2,Automotive,2019,5.995,14.663,8.191,9.552,0.0063,5.085,0.432
IND_FIRM_0421,State_5,Electronics,2019,5.203,30.173,10.047,10.266,0.0137,4.632,0.37
IND_FIRM_0422,State_1,Textiles,2019,5.453,18.966,7.516,5.136,0.0069,4.653,0.47
IND_FIRM_0423,State_3,Electronics,2019,3.473,20.378,9.235,8.739,0.0081,4.12,0.42
IND_FIRM_0424,State_1,Textiles,2019,6.149,18.966,7.516,5.136,0.0069,4.795,0.384
IND_FIRM_0425,State_3,Electronics,2019,4.444,20.378,9.235,8.739,0.0081,4.351,0.372
IND_FIRM_0426,State_4,Chemicals,2019,4.749,15.99,14.263,12.214,0.0059,5.523,0.491
IND_FIRM_0427,State_2,Textiles,2019,2.5,55.234,4.158,2.782,0.0362,4.284,0.411
IND_FIRM_0428,State_1,Chemicals,2019,5.194,23.801,10.887,10.028,0.0164,5.699,0.379
IND_FIRM_0429,State_5,Automotive,2019,3.699,21.592,12.411,15.218,0.0161,4.771,0.39
IND_FIRM_0430,State_4,Electronics,2019,5.29,14.809,18.301,16.43,0.0037,5.32,0.408
IND_FIRM_0431,State_1,Automotive,2019,4.177,14.449,14.686,17.91,0.0074,4.893,0.44
IND_FIRM_0432,State_5,Automotive,2019,4.695,21.592,12.411,15.218,0.0161,5.082,0.324
IND_FIRM_0433,State_1,Automotive,2019,4.252,14.449,14.686,17.91,0.0074,4.672,0.423
IND_FIRM_0434,State_3,Automotive,2019,5.259,19.897,8.86,10.378,0.0145,4.68,0.417
IND_FIRM_0435,State_1,Electronics,2019,7.623,40.672,7.663,8.131,0.0196,6.174,0.377
IND_FIRM_0436,State_1,Automotive,2019,3.327,14.449,14.686,17.91,0.0074,4.902,0.472
IND_FIRM_0437,State_1,Electronics,2019,5.426,40.672,7.663,8.131,0.0196,5.649,0.427
IND_FIRM_0438,State_4,Electronics,2019,3.353,14.809,18.301,16.43,0.0037,4.391,0.384
IND_FIRM_0439,State_1,Chemicals,2019,5.536,23.801,10.887,10.028,0.0164,5.296,0.339
IND_FIRM_0440,State_5,Textiles,2019,6.737,19.463,7.781,5.185,0.0074,5.361,0.454
IND_FIRM_0441,State_3,Textiles,2019,5.208,45.355,4.01,3.012,0.0268,4.952,0.414
IND_FIRM_0442,State_3,Electronics,2019,4.942,20.378,9.235,8.739,0.0081,4.605,0.356
IND_FIRM_0443,State_1,Chemicals,2019,4.32,23.801,10.887,10.028,0.0164,4.454,0.371
IND_FIRM_0444,State_4,Electronics,2019,3.611,14.809,18.301,16.43,0.0037,4.907,0.458
IND_FIRM_0445,State_4,Electronics,2019,7.182,14.809,18.301,16.43,0.0037,6.21,0.401
IND_FIRM_0446,State_5,Electronics,2019,4.367,30.173,10.047,10.266,0.0137,5.026,0.397
IND_FIRM_0447,State_1,Chemicals,2019,5.798,23.801,10.887,10.028,0.0164,5.214,0.385
IND_FIRM_0448,State_3,Textiles,2019,6.919,45.355,4.01,3.012,0.0268,6.232,0.435
IND_FIRM_0449,State_4,Chemicals,2019,4.079,15.99,14.263,12.214,0.0059,4.568,0.37
IND_FIRM_0450,State_1,Automotive,2019,4.506,14.449,14.686,17.91,0.0074,5.159,0.375
IND_FIRM_0451,State_4,Chemicals,2019,4.603,15.99,14.263,12.214,0.0059,4.827,0.42
IND_FIRM_0452,State_4,Chemicals,2019,4.068,15.99,14.263,12.214,0.0059,5.056,0.357
IND_FIRM_0453,State_3,Chemicals,2019,4.778,9.982,11.572,14.093,0.0003,5.252,0.364
IND_FIRM_0454,State_2,Chemicals,2019,4.504,13.757,10.476,14.593,0.0018,4.459,0.323
IND_FIRM_0455,State_5,Textiles,2019,6.097,19.463,7.781,5.185,0.0074,5.017,0.434
IND_FIRM_0456,State_5,Automotive,2019,3.247,21.592,12.411,15.218,0.0161,4.389,0.407
IND_FIRM_0457,State_3,Textiles,2019,5.94,45.355,4.01,3.012,0.0268,5.617,0.456
IND_FIRM_0458,State_4,Textiles,2019,6.646,13.61,6.609,5.01,0.0036,5.496,0.446
IND_FIRM_0459,State_1,Chemicals,2019,4.751,23.801,10.887,10.028,0.0164,4.873,0.364
IND_FIRM_0460,State_4,Electronics,2019,3.977,14.809,18.301,16.43,0.0037,4.65,0.427
IND_FIRM_0461,State_3,Electronics,2019,6.112,20.378,9.235,8.739,0.0081,5.223,0.364
IND_FIRM_0462,State_5,Textiles,2019,4.802,19.463,7.781,5.185,0.0074,4.691,0.383
IND_FIRM_0463,State_4,Textiles,2019,8.828,13.61,6.609,5.01,0.0036,6.2,0.445
IND_FIRM_0464,State_5,Chemicals,2019,5.115,25.965,10.791,10.149,0.02,5.242,0.406
IND_FIRM_0465,State_1,Textiles,2019,6.491,18.966,7.516,5.136,0.0069,5.239,0.374
IND_FIRM_0466,State_5,Chemicals,2019,5.753,25.965,10.791,10.149,0.02,5.882,0.446
IND_FIRM_0467,State_5,Electronics,2019,4.232,30.173,10.047,10.266,0.0137,5.015,0.367
IND_FIRM_0468,State_2,Electronics,2019,6.949,13.465,8.536,8.491,0.0026,5.95,0.423
IND_FIRM_0469,State_2,Automotive,2019,5.998,14.663,8.191,9.552,0.0063,5.369,0.401
IND_FIRM_0470,State_2,Electronics,2019,6.924,13.465,8.536,8.491,0.0026,5.348,0.397
IND_FIRM_0471,State_5,Textiles,2019,5.82,19.463,7.781,5.185,0.0074,5.161,0.386
IND_FIRM_0472,State_3,Electronics,2019,6.991,20.378,9.235,8.739,0.0081,5.803,0.376
IND_FIRM_0473,State_5,Chemicals,2019,5.245,25.965,10.791,10.149,0.02,5.155,0.269
IND_FIRM_0474,State_3,Electronics,2019,7.966,20.378,9.235,8.739,0.0081,5.777,0.347
IND_FIRM_0475,State_3,Automotive,2019,4.435,19.897,8.86,10.378,0.0145,4.813,0.461
IND_FIRM_0476,State_2,Electronics,2019,6.521,13.465,8.536,8.491,0.0026,5.017,0.372
IND_FIRM_0477,State_4,Chemicals,2019,3.886,15.99,14.263,12.214,0.0059,4.956,0.45
IND_FIRM_0478,State_1,Chemicals,2019,4.384,23.801,10.887,10.028,0.0164,5.438,0.432
IND_FIRM_0479,State_2,Textiles,2019,5.268,55.234,4.158,2.782,0.0362,5.234,0.273
IND_FIRM_0480,State_2,Electronics,2019,7.634,13.465,8.536,8.491,0.0026,5.339,0.406
IND_FIRM_0481,State_4,Chemicals,2019,7.827,15.99,14.263,12.214,0.0059,6.548,0.325
IND_FIRM_0482,State_1,Automotive,2019,3.889,14.449,14.686,17.91,0.0074,5.321,0.455
IND_FIRM_0483,State_5,Textiles,2019,5.367,19.463,7.781,5.185,0.0074,4.599,0.381
IND_FIRM_0484,State_5,Automotive,2019,5.361,21.592,12.411,15.218,0.0161,5.366,0.402
IND_FIRM_0485,State_2,Electronics,2019,4.952,13.465,8.536,8.491,0.0026,4.545,0.433
IND_FIRM_0486,State_1,Electronics,2019,5.342,40.672,7.663,8.131,0.0196,5.287,0.416
IND_FIRM_0487,State_2,Electronics,2019,5.119,13.465,8.536,8.491,0.0026,4.355,0.3
IND_FIRM_0488,State_3,Textiles,2019,5.562,45.355,4.01,3.012,0.0268,5.209,0.319
IND_FIRM_0489,State_2,Chemicals,2019,6.649,13.757,10.476,14.593,0.0018,5.747,0.395
IND_FIRM_0490,State_2,Textiles,2019,5.011,55.234,4.158,2.782,0.0362,4.951,0.404
IND_FIRM_0491,State_5,Automotive,2019,4.924,21.592,12.411,15.218,0.0161,5.75,0.5
IND_FIRM_0492,State_5,Textiles,2019,7.009,19.463,7.781,5.185,0.0074,5.368,0.398
IND_FIRM_0493,State_5,Automotive,2019,2.719,21.592,12.411,15.218,0.0161,4.165,0.325
IND_FIRM_0494,State_3,Textiles,2019,3.737,45.355,4.01,3.012,0.0268,4.735,0.435
IND_FIRM_0495,State_5,Chemicals,2019,3.386,25.965,10.791,10.149,0.02,4.254,0.435
IND_FIRM_0496,State_1,Automotive,2019,5.808,14.449,14.686,17.91,0.0074,6.289,0.382
IND_FIRM_0497,State_4,Electronics,2019,3.621,14.809,18.301,16.43,0.0037,4.667,0.325
IND_FIRM_0498,State_1,Electronics,2019,6.567,40.672,7.663,8.131,0.0196,6.052,0.402
IND_FIRM_0499,State_1,Textiles,2019,4.286,18.966,7.516,5.136,0.0069,4.196,0.312
IND_FIRM_0500,State_5,Electronics,2019,4.343,30.173,10.047,10.266,0.0137,5.131,0.425
IND_FIRM_0001,State_2,Textiles,2020,2.828,61.074,3.656,2.499,0.072,4.693,0.394
IND_FIRM_0002,State_2,Textiles,2020,4.616,61.074,3.656,2.499,0.072,5.345,0.374
IND_FIRM_0003,State_4,Electronics,2020,6.943,15.996,18.813,16.839,0.0063,6.689,0.46
IND_FIRM_0004,State_2,Textiles,2020,3.043,61.074,3.656,2.499,0.072,4.41,0.349
IND_FIRM_0005,State_2,Chemicals,2020,4.579,11.57,10.757,15.522,0.0015,5.594,0.386
IND_FIRM_0006,State_4,Chemicals,2020,4.193,15.565,14.895,12.83,0.0051,4.75,0.312
IND_FIRM_0007,State_4,Automotive,2020,3.781,55.041,7.077,8.656,0.0388,4.752,0.325
IND_FIRM_0008,State_1,Textiles,2020,6.04,21.924,7.991,5.438,0.0138,5.45,0.427
IND_FIRM_0009,State_5,Electronics,2020,5.399,30.612,9.999,10.254,0.0235,5.871,0.433
IND_FIRM_0010,State_5,Chemicals,2020,5.419,26.26,10.87,10.324,0.0174,5.69,0.418
IND_FIRM_0011,State_2,Chemicals,2020,4.701,11.57,10.757,15.522,0.0015,4.955,0.378
IND_FIRM_0012,State_5,Electronics,2020,6.749,30.612,9.999,10.254,0.0235,6.543,0.364
IND_FIRM_0013,State_2,Electronics,2020,4.278,14.383,7.949,7.904,0.0045,4.353,0.456
IND_FIRM_0014,State_1,Chemicals,2020,3.279,25.525,11.671,10.978,0.0143,4.663,0.457
IND_FIRM_0015,State_4,Chemicals,2020,4.62,15.565,14.895,12.83,0.0051,5.277,0.3
IND_FIRM_0016,State_4,Electronics,2020,3.552,15.996,18.813,16.839,0.0063,5.011,0.402
IND_FIRM_0017,State_4,Chemicals,2020,4.504,15.565,14.895,12.83,0.0051,5.954,0.413
IND_FIRM_0018,State_5,Automotive,2020,6.16,21.172,12.614,15.457,0.0095,5.792,0.364
IND_FIRM_0019,State_1,Automotive,2020,3.747,16.442,15.243,18.583,0.0043,5.414,0.339
IND_FIRM_0020,State_5,Electronics,2020,4.681,30.612,9.999,10.254,0.0235,5.568,0.28
IND_FIRM_0021,State_5,Textiles,2020,5.263,20.433,7.841,5.215,0.0147,4.745,0.335
IND_FIRM_0022,State_1,Electronics,2020,5.075,41.271,8.581,9.035,0.0336,5.545,0.379
IND_FIRM_0023,State_1,Electronics,2020,3.109,41.271,8.581,9.035,0.0336,4.995,0.464
IND_FIRM_0024,State_1,Textiles,2020,4.701,21.924,7.991,5.438,0.0138,5.128,0.422
IND_FIRM_0025,State_1,Textiles,2020,5.961,21.924,7.991,5.438,0.0138,5.525,0.386
IND_FIRM_0026,State_4,Textiles,2020,8.064,14.872,6.665,5.108,0.0072,5.376,0.471
IND_FIRM_0027,State_3,Automotive,2020,3.279,20.143,9.545,11.163,0.0085,4.241,0.404
IND_FIRM_0028,State_3,Chemicals,2020,5.316,9.484,12.268,14.924,0.0002,5.226,0.448
IND_FIRM_0029,State_1,Automotive,2020,3.758,16.442,15.243,18.583,0.0043,5.071,0.275
IND_FIRM_0030,State_3,Chemicals,2020,5.922,9.484,12.268,14.924,0.0002,5.593,0.267
IND_FIRM_0031,State_3,Automotive,2020,5.053,20.143,9.545,11.163,0.0085,5.164,0.39
IND_FIRM_0032,State_1,Chemicals,2020,6.476,25.525,11.671,10.978,0.0143,5.704,0.489
IND_FIRM_0033,State_3,Automotive,2020,4.177,20.143,9.545,11.163,0.0085,5.304,0.424
IND_FIRM_0034,State_5,Textiles,2020,3.511,20.433,7.841,5.215,0.0147,3.926,0.415
IND_FIRM_0035,State_2,Electronics,2020,6.991,14.383,7.949,7.904,0.0045,5.72,0.489
IND_FIRM_0036,State_2,Automotive,2020,4.961,12.46,8.385,9.683,0.0037,4.954,0.387
IND_FIRM_0037,State_1,Chemicals,2020,3.209,25.525,11.671,10.978,0.0143,4.33,0.444
IND_FIRM_0038,State_4,Textiles,2020,5.879,14.872,6.665,5.108,0.0072,4.903,0.369
IND_FIRM_0039,State_1,Automotive,2020,3.48,16.442,15.243,18.583,0.0043,5.203,0.306
IND_FIRM_0040,State_4,Automotive,2020,4.108,55.041,7.077,8.656,0.0388,5.704,0.395
IND_FIRM_0041,State_2,Textiles,2020,5.536,61.074,3.656,2.499,0.072,5.515,0.415
IND_FIRM_0042,State_1,Automotive,2020,3.743,16.442,15.243,18.583,0.0043,5.127,0.433
IND_FIRM_0043,State_5,Electronics,2020,4.009,30.612,9.999,10.254,0.0235,4.83,0.323
IND_FIRM_0044,State_3,Automotive,2020,5.771,20.143,9.545,11.163,0.0085,5.446,0.402
IND_FIRM_0045,State_4,Electronics,2020,3.7,15.996,18.813,16.839,0.0063,5.405,0.307
IND_FIRM_0046,State_3,Electronics,2020,5.467,22.875,9.395,8.862,0.0138,5.54,0.475
IND_FIRM_0047,State_3,Textiles,2020,4.578,48.077,4.048,3.099,0.0533,4.987,0.382
IND_FIRM_0048,State_1,Automotive,2020,3.134,16.442,15.243,18.583,0.0043,4.862,0.476
IND_FIRM_0049,State_3,Textiles,2020,4.854,48.077,4.048,3.099,0.0533,5.857,0.424
IND_FIRM_0050,State_5,Automotive,2020,5.359,21.172,12.614,15.457,0.0095,5.88,0.421
IND_FIRM_0051,State_3,Automotive,2020,5.846,20.143,9.545,11.163,0.0085,5.383,0.374
IND_FIRM_0052,State_1,Chemicals,2020,4.549,25.525,11.671,10.978,0.0143,5.622,0.338
IND_FIRM_0053,State_5,Automotive,2020,3.568,21.172,12.614,15.457,0.0095,4.92,0.466
IND_FIRM_0054,State_2,Textiles,2020,4.528,61.074,3.656,2.499,0.072,5.533,0.395
IND_FIRM_0055,State_3,Electronics,2020,3.765,22.875,9.395,8.862,0.0138,4.64,0.458
IND_FIRM_0056,State_1,Automotive,2020,2.695,16.442,15.243,18.583,0.0043,4.428,0.411
IND_FIRM_0057,State_2,Chemicals,2020,6.627,11.57,10.757,15.522,0.0015,5.754,0.363
IND_FIRM_0058,State_2,Textiles,2020,4.675,61.074,3.656,2.499,0.072,5.583,0.364
IND_FIRM_0059,State_4,Automotive,2020,3.432,55.041,7.077,8.656,0.0388,4.877,0.388
IND_FIRM_0060,State_5,Textiles,2020,6.874,20.433,7.841,5.215,0.0147,5.564,0.343
IND_FIRM_0061,State_3,Chemicals,2020,6.127,9.484,12.268,14.924,0.0002,5.896,0.409
IND_FIRM_0062,State_1,Chemicals,2020,3.93,25.525,11.671,10.978,0.0143,5.102,0.219
IND_FIRM_0063,State_4,Textiles,2020,5.617,14.872,6.665,5.108,0.0072,5.068,0.429
IND_FIRM_0064,State_5,Automotive,2020,3.989,21.172,12.614,15.457,0.0095,4.758,0.333
IND_FIRM_0065,State_4,Electronics,2020,4.02,15.996,18.813,16.839,0.0063,5.556,0.382
IND_FIRM_0066,State_5,Chemicals,2020,5.539,26.26,10.87,10.324,0.0174,5.64,0.377
IND_FIRM_0067,State_5,Automotive,2020,4.925,21.172,12.614,15.457,0.0095,6.021,0.416
IND_FIRM_0068,State_3,Automotive,2020,5.543,20.143,9.545,11.163,0.0085,5.919,0.346
IND_FIRM_0069,State_5,Electronics,2020,3.333,30.612,9.999,10.254,0.0235,4.312,0.374
IND_FIRM_0070,State_4,Chemicals,2020,5.321,15.565,14.895,12.83,0.0051,5.43,0.399
IND_FIRM_0071,State_5,Chemicals,2020,3.681,26.26,10.87,10.324,0.0174,4.803,0.341
IND_FIRM_0072,State_3,Automotive,2020,4.599,20.143,9.545,11.163,0.0085,4.949,0.363
IND_FIRM_0073,State_3,Automotive,2020,4.856,20.143,9.545,11.163,0.0085,5.07,0.415
IND_FIRM_0074,State_4,Electronics,2020,4.088,15.996,18.813,16.839,0.0063,6.053,0.34
IND_FIRM_0075,State_2,Electronics,2020,4.625,14.383,7.949,7.904,0.0045,4.846,0.398
IND_FIRM_0076,State_2,Chemicals,2020,2.629,11.57,10.757,15.522,0.0015,4.05,0.353
IND_FIRM_0077,State_5,Textiles,2020,5.3,20.433,7.841,5.215,0.0147,5.351,0.329
IND_FIRM_0078,State_1,Chemicals,2020,7.367,25.525,11.671,10.978,0.0143,6.563,0.364
IND_FIRM_0079,State_5,Automotive,2020,4.102,21.172,12.614,15.457,0.0095,4.832,0.395
IND_FIRM_0080,State_4,Chemicals,2020,4.441,15.565,14.895,12.83,0.0051,5.399,0.367
IND_FIRM_0081,State_4,Textiles,2020,7.521,14.872,6.665,5.108,0.0072,6.228,0.391
IND_FIRM_0082,State_4,Electronics,2020,4.02,15.996,18.813,16.839,0.0063,4.881,0.429
IND_FIRM_0083,State_4,Textiles,2020,5.617,14.872,6.665,5.108,0.0072,5.017,0.377
IND_FIRM_0084,State_4,Textiles,2020,6.631,14.872,6.665,5.108,0.0072,5.505,0.405
IND_FIRM_0085,State_3,Textiles,2020,4.664,48.077,4.048,3.099,0.0533,5.186,0.326
IND_FIRM_0086,State_2,Electronics,2020,4.255,14.383,7.949,7.904,0.0045,4.673,0.434
IND_FIRM_0087,State_4,Textiles,2020,4.867,14.872,6.665,5.108,0.0072,4.929,0.464
IND_FIRM_0088,State_1,Textiles,2020,7.337,21.924,7.991,5.438,0.0138,6.411,0.449
IND_FIRM_0089,State_1,Textiles,2020,5.908,21.924,7.991,5.438,0.0138,5.261,0.343
IND_FIRM_0090,State_1,Automotive,2020,3.685,16.442,15.243,18.583,0.0043,5.248,0.46
IND_FIRM_0091,State_1,Textiles,2020,5.488,21.924,7.991,5.438,0.0138,5.233,0.451
IND_FIRM_0092,State_3,Electronics,2020,5.738,22.875,9.395,8.862,0.0138,5.484,0.42
IND_FIRM_0093,State_1,Textiles,2020,8.123,21.924,7.991,5.438,0.0138,5.946,0.34
IND_FIRM_0094,State_4,Textiles,2020,6.126,14.872,6.665,5.108,0.0072,5.699,0.458
IND_FIRM_0095,State_5,Electronics,2020,4.147,30.612,9.999,10.254,0.0235,5.012,0.395
IND_FIRM_0096,State_1,Textiles,2020,5.561,21.924,7.991,5.438,0.0138,5.415,0.326
IND_FIRM_0097,State_3,Electronics,2020,5.938,22.875,9.395,8.862,0.0138,5.61,0.393
IND_FIRM_0098,State_3,Textiles,2020,3.887,48.077,4.048,3.099,0.0533,5.225,0.392
IND_FIRM_0099,State_1,Electronics,2020,5.398,41.271,8.581,9.035,0.0336,5.773,0.408
IND_FIRM_0100,State_5,Textiles,2020,3.53,20.433,7.841,5.215,0.0147,3.914,0.315
IND_FIRM_0101,State_1,Textiles,2020,5.166,21.924,7.991,5.438,0.0138,4.928,0.349
IND_FIRM_0102,State_3,Automotive,2020,6.21,20.143,9.545,11.163,0.0085,5.464,0.452
IND_FIRM_0103,State_2,Automotive,2020,6.936,12.46,8.385,9.683,0.0037,5.923,0.375
IND_FIRM_0104,State_4,Textiles,2020,5.594,14.872,6.665,5.108,0.0072,4.914,0.28
IND_FIRM_0105,State_3,Textiles,2020,3.125,48.077,4.048,3.099,0.0533,4.324,0.436
IND_FIRM_0106,State_1,Chemicals,2020,3.87,25.525,11.671,10.978,0.0143,4.993,0.427
IND_FIRM_0107,State_4,Electronics,2020,2.344,15.996,18.813,16.839,0.0063,4.704,0.479
IND_FIRM_0108,State_1,Chemicals,2020,4.855,25.525,11.671,10.978,0.0143,5.01,0.404
IND_FIRM_0109,State_1,Automotive,2020,3.987,16.442,15.243,18.583,0.0043,5.285,0.354
IND_FIRM_0110,State_2,Automotive,2020,3.986,12.46,8.385,9.683,0.0037,4.273,0.513
IND_FIRM_0111,State_4,Automotive,2020,4.753,55.041,7.077,8.656,0.0388,5.942,0.279
IND_FIRM_0112,State_4,Automotive,2020,4.013,55.041,7.077,8.656,0.0388,5.449,0.352
IND_FIRM_0113,State_2,Textiles,2020,5.484,61.074,3.656,2.499,0.072,5.951,0.413
IND_FIRM_0114,State_3,Automotive,2020,3.34,20.143,9.545,11.163,0.0085,3.91,0.252
IND_FIRM_0115,State_1,Textiles,2020,4.545,21.924,7.991,5.438,0.0138,4.771,0.389
IND_FIRM_0116,State_5,Textiles,2020,6.609,20.433,7.841,5.215,0.0147,5.369,0.437
IND_FIRM_0117,State_1,Automotive,2020,3.127,16.442,15.243,18.583,0.0043,4.557,0.395
IND_FIRM_0118,State_1,Automotive,2020,3.389,16.442,15.243,18.583,0.0043,5.513,0.341
IND_FIRM_0119,State_3,Electronics,2020,4.881,22.875,9.395,8.862,0.0138,5.26,0.336
IND_FIRM_0120,State_1,Chemicals,2020,5.44,25.525,11.671,10.978,0.0143,5.111,0.469
IND_FIRM_0121,State_2,Automotive,2020,5.413,12.46,8.385,9.683,0.0037,5.299,0.384
IND_FIRM_0122,State_2,Electronics,2020,6.0,14.383,7.949,7.904,0.0045,5.32,0.41
IND_FIRM_0123,State_4,Electronics,2020,2.597,15.996,18.813,16.839,0.0063,5.041,0.413
IND_FIRM_0124,State_5,Chemicals,2020,5.321,26.26,10.87,10.324,0.0174,5.634,0.369
IND_FIRM_0125,State_1,Textiles,2020,5.553,21.924,7.991,5.438,0.0138,5.109,0.455
IND_FIRM_0126,State_1,Automotive,2020,3.713,16.442,15.243,18.583,0.0043,5.314,0.38
IND_FIRM_0127,State_3,Chemicals,2020,7.704,9.484,12.268,14.924,0.0002,6.504,0.356
IND_FIRM_0128,State_2,Automotive,2020,4.846,12.46,8.385,9.683,0.0037,4.491,0.396
IND_FIRM_0129,State_5,Electronics,2020,5.442,30.612,9.999,10.254,0.0235,5.877,0.399
IND_FIRM_0130,State_4,Electronics,2020,1.199,15.996,18.813,16.839,0.0063,3.86,0.357
IND_FIRM_0131,State_2,Textiles,2020,2.541,61.074,3.656,2.499,0.072,4.458,0.462
IND_FIRM_0132,State_4,Electronics,2020,2.367,15.996,18.813,16.839,0.0063,4.621,0.398
IND_FIRM_0133,State_3,Electronics,2020,4.333,22.875,9.395,8.862,0.0138,4.552,0.336
IND_FIRM_0134,State_3,Chemicals,2020,5.538,9.484,12.268,14.924,0.0002,5.238,0.44
IND_FIRM_0135,State_1,Automotive,2020,4.659,16.442,15.243,18.583,0.0043,4.959,0.381
IND_FIRM_0136,State_5,Automotive,2020,4.445,21.172,12.614,15.457,0.0095,5.427,0.355
IND_FIRM_0137,State_4,Chemicals,2020,4.823,15.565,14.895,12.83,0.0051,4.789,0.396
IND_FIRM_0138,State_2,Textiles,2020,4.434,61.074,3.656,2.499,0.072,5.409,0.443
IND_FIRM_0139,State_3,Automotive,2020,5.902,20.143,9.545,11.163,0.0085,5.666,0.395
IND_FIRM_0140,State_1,Electronics,2020,3.049,41.271,8.581,9.035,0.0336,4.219,0.393
IND_FIRM_0141,State_1,Automotive,2020,3.674,16.442,15.243,18.583,0.0043,4.874,0.45
IND_FIRM_0142,State_4,Electronics,2020,3.874,15.996,18.813,16.839,0.0063,5.173,0.282
IND_FIRM_0143,State_3,Textiles,2020,6.246,48.077,4.048,3.099,0.0533,5.699,0.235
IND_FIRM_0144,State_5,Chemicals,2020,3.812,26.26,10.87,10.324,0.0174,4.597,0.411
IND_FIRM_0145,State_3,Automotive,2020,5.095,20.143,9.545,11.163,0.0085,5.167,0.342
IND_FIRM_0146,State_4,Chemicals,2020,4.23,15.565,14.895,12.83,0.0051,4.872,0.326
IND_FIRM_0147,State_4,Automotive,2020,3.497,55.041,7.077,8.656,0.0388,4.741,0.36
IND_FIRM_0148,State_3,Electronics,2020,4.224,22.875,9.395,8.862,0.0138,5.072,0.488
IND_FIRM_0149,State_4,Chemicals,2020,4.691,15.565,14.895,12.83,0.0051,5.141,0.384
IND_FIRM_0150,State_3,Automotive,2020,4.924,20.143,9.545,11.163,0.0085,5.102,0.405
IND_FIRM_0151,State_2,Electronics,2020,6.184,14.383,7.949,7.904,0.0045,5.046,0.422
IND_FIRM_0152,State_3,Chemicals,2020,4.094,9.484,12.268,14.924,0.0002,4.748,0.466
IND_FIRM_0153,State_3,Chemicals,2020,4.722,9.484,12.268,14.924,0.0002,4.664,0.426
IND_FIRM_0154,State_4,Automotive,2020,3.493,55.041,7.077,8.656,0.0388,5.059,0.408
IND_FIRM_0155,State_4,Automotive,2020,4.77,55.041,7.077,8.656,0.0388,5.563,0.423
IND_FIRM_0156,State_1,Automotive,2020,3.172,16.442,15.243,18.583,0.0043,4.604,0.401
IND_FIRM_0157,State_1,Electronics,2020,4.164,41.271,8.581,9.035,0.0336,5.431,0.332
IND_FIRM_0158,State_2,Automotive,2020,5.179,12.46,8.385,9.683,0.0037,5.053,0.341
IND_FIRM_0159,State_1,Chemicals,2020,6.307,25.525,11.671,10.978,0.0143,6.012,0.382
IND_FIRM_0160,State_3,Chemicals,2020,4.111,9.484,12.268,14.924,0.0002,4.739,0.38
IND_FIRM_0161,State_4,Automotive,2020,3.928,55.041,7.077,8.656,0.0388,4.622,0.439
IND_FIRM_0162,State_1,Automotive,2020,3.572,16.442,15.243,18.583,0.0043,4.754,0.428
IND_FIRM_0163,State_1,Textiles,2020,4.24,21.924,7.991,5.438,0.0138,4.116,0.404
IND_FIRM_0164,State_2,Chemicals,2020,6.35,11.57,10.757,15.522,0.0015,5.902,0.394
IND_FIRM_0165,State_2,Electronics,2020,4.151,14.383,7.949,7.904,0.0045,4.773,0.35
IND_FIRM_0166,State_3,Textiles,2020,3.938,48.077,4.048,3.099,0.0533,4.675,0.372
IND_FIRM_0167,State_4,Automotive,2020,5.605,55.041,7.077,8.656,0.0388,5.546,0.534
IND_FIRM_0168,State_2,Automotive,2020,3.94,12.46,8.385,9.683,0.0037,4.208,0.365
IND_FIRM_0169,State_1,Chemicals,2020,5.364,25.525,11.671,10.978,0.0143,5.296,0.41
IND_FIRM_0170,State_4,Automotive,2020,2.148,55.041,7.077,8.656,0.0388,4.663,0.314
IND_FIRM_0171,State_4,Electronics,2020,5.06,15.996,18.813,16.839,0.0063,6.143,0.364
IND_FIRM_0172,State_1,Chemicals,2020,2.08,25.525,11.671,10.978,0.0143,4.049,0.343
IND_FIRM_0173,State_2,Automotive,2020,4.142,12.46,8.385,9.683,0.0037,4.289,0.441
IND_FIRM_0174,State_1,Chemicals,2020,3.821,25.525,11.671,10.978,0.0143,4.676,0.408
IND_FIRM_0175,State_4,Automotive,2020,5.043,55.041,7.077,8.656,0.0388,6.068,0.295
IND_FIRM_0176,State_5,Automotive,2020,4.608,21.172,12.614,15.457,0.0095,5.16,0.282
IND_FIRM_0177,State_5,Automotive,2020,3.86,21.172,12.614,15.457,0.0095,5.091,0.421
IND_FIRM_0178,State_3,Electronics,2020,6.427,22.875,9.395,8.862,0.0138,5.684,0.405
IND_FIRM_0179,State_1,Electronics,2020,6.201,41.271,8.581,9.035,0.0336,6.589,0.315
IND_FIRM_0180,State_1,Chemicals,2020,4.943,25.525,11.671,10.978,0.0143,5.903,0.429
IND_FIRM_0181,State_3,Automotive,2020,4.25,20.143,9.545,11.163,0.0085,5.261,0.346
IND_FIRM_0182,State_3,Automotive,2020,4.459,20.143,9.545,11.163,0.0085,5.054,0.416
IND_FIRM_0183,State_3,Electronics,2020,4.464,22.875,9.395,8.862,0.0138,4.212,0.347
IND_FIRM_0184,State_4,Automotive,2020,3.675,55.041,7.077,8.656,0.0388,4.959,0.5
IND_FIRM_0185,State_1,Electronics,2020,2.306,41.271,8.581,9.035,0.0336,4.373,0.449
IND_FIRM_0186,State_4,Automotive,2020,4.202,55.041,7.077,8.656,0.0388,5.298,0.413
IND_FIRM_0187,State_3,Chemicals,2020,7.301,9.484,12.268,14.924,0.0002,6.023,0.268
IND_FIRM_0188,State_1,Automotive,2020,4.483,16.442,15.243,18.583,0.0043,5.775,0.329
IND_FIRM_0189,State_4,Automotive,2020,3.439,55.041,7.077,8.656,0.0388,4.69,0.379
IND_FIRM_0190,State_4,Textiles,2020,6.716,14.872,6.665,5.108,0.0072,5.313,0.352
IND_FIRM_0191,State_3,Electronics,2020,6.522,22.875,9.395,8.862,0.0138,5.738,0.465
IND_FIRM_0192,State_1,Automotive,2020,6.136,16.442,15.243,18.583,0.0043,6.142,0.341
IND_FIRM_0193,State_3,Automotive,2020,3.76,20.143,9.545,11.163,0.0085,4.368,0.379
IND_FIRM_0194,State_1,Textiles,2020,6.35,21.924,7.991,5.438,0.0138,5.177,0.386
IND_FIRM_0195,State_5,Textiles,2020,5.034,20.433,7.841,5.215,0.0147,5.264,0.387
IND_FIRM_0196,State_2,Electronics,2020,5.958,14.383,7.949,7.904,0.0045,5.823,0.367
IND_FIRM_0197,State_2,Textiles,2020,5.441,61.074,3.656,2.499,0.072,5.596,0.385
IND_FIRM_0198,State_2,Chemicals,2020,2.338,11.57,10.757,15.522,0.0015,4.433,0.373
IND_FIRM_0199,State_3,Textiles,2020,4.114,48.077,4.048,3.099,0.0533,4.989,0.325
IND_FIRM_0200,State_5,Chemicals,2020,4.441,26.26,10.87,10.324,0.0174,5.142,0.463
IND_FIRM_0201,State_1,Electronics,2020,3.006,41.271,8.581,9.035,0.0336,4.459,0.406
IND_FIRM_0202,State_4,Electronics,2020,3.717,15.996,18.813,16.839,0.0063,5.708,0.394
IND_FIRM_0203,State_1,Electronics,2020,2.846,41.271,8.581,9.035,0.0336,4.539,0.496
IND_FIRM_0204,State_4,Electronics,2020,2.603,15.996,18.813,16.839,0.0063,4.778,0.432
IND_FIRM_0205,State_1,Electronics,2020,5.29,41.271,8.581,9.035,0.0336,5.921,0.365
IND_FIRM_0206,State_5,Chemicals,2020,3.942,26.26,10.87,10.324,0.0174,4.907,0.36
IND_FIRM_0207,State_4,Chemicals,2020,4.897,15.565,14.895,12.83,0.0051,6.065,0.412
IND_FIRM_0208,State_3,Electronics,2020,3.637,22.875,9.395,8.862,0.0138,4.595,0.481
IND_FIRM_0209,State_1,Textiles,2020,8.217,21.924,7.991,5.438,0.0138,6.171,0.411
IND_FIRM_0210,State_1,Automotive,2020,3.493,16.442,15.243,18.583,0.0043,5.296,0.397
IND_FIRM_0211,State_4,Electronics,2020,4.14,15.996,18.813,16.839,0.0063,5.028,0.324
IND_FIRM_0212,State_3,Textiles,2020,4.828,48.077,4.048,3.099,0.0533,5.316,0.355
IND_FIRM_0213,State_3,Automotive,2020,5.609,20.143,9.545,11.163,0.0085,5.555,0.413
IND_FIRM_0214,State_5,Electronics,2020,2.998,30.612,9.999,10.254,0.0235,4.882,0.388
IND_FIRM_0215,State_3,Electronics,2020,4.848,22.875,9.395,8.862,0.0138,5.845,0.431
IND_FIRM_0216,State_3,Chemicals,2020,4.63,9.484,12.268,14.924,0.0002,4.717,0.422
IND_FIRM_0217,State_3,Automotive,2020,3.908,20.143,9.545,11.163,0.0085,4.333,0.381
IND_FIRM_0218,State_2,Automotive,2020,6.551,12.46,8.385,9.683,0.0037,5.752,0.328
IND_FIRM_0219,State_5,Textiles,2020,5.506,20.433,7.841,5.215,0.0147,5.227,0.465
IND_FIRM_0220,State_1,Chemicals,2020,4.491,25.525,11.671,10.978,0.0143,5.155,0.489
IND_FIRM_0221,State_4,Chemicals,2020,5.236,15.565,14.895,12.83,0.0051,5.39,0.439
IND_FIRM_0222,State_1,Chemicals,2020,3.984,25.525,11.671,10.978,0.0143,5.094,0.348
IND_FIRM_0223,State_5,Chemicals,2020,6.781,26.26,10.87,10.324,0.0174,5.982,0.425
IND_FIRM_0224,State_4,Automotive,2020,3.877,55.041,7.077,8.656,0.0388,5.043,0.334
IND_FIRM_0225,State_5,Automotive,2020,2.344,21.172,12.614,15.457,0.0095,4.04,0.358
IND_FIRM_0226,State_3,Electronics,2020,4.828,22.875,9.395,8.862,0.0138,4.764,0.422
IND_FIRM_0227,State_4,Electronics,2020,4.803,15.996,18.813,16.839,0.0063,5.608,0.417
IND_FIRM_0228,State_3,Chemicals,2020,5.588,9.484,12.268,14.924,0.0002,5.451,0.492
IND_FIRM_0229,State_1,Chemicals,2020,3.502,25.525,11.671,10.978,0.0143,4.634,0.369
IND_FIRM_0230,State_1,Chemicals,2020,5.438,25.525,11.671,10.978,0.0143,5.656,0.374
IND_FIRM_0231,State_4,Electronics,2020,1.256,15.996,18.813,16.839,0.0063,4.174,0.367
IND_FIRM_0232,State_4,Textiles,2020,7.904,14.872,6.665,5.108,0.0072,5.649,0.35
IND_FIRM_0233,State_5,Textiles,2020,4.34,20.433,7.841,5.215,0.0147,4.658,0.429
IND_FIRM_0234,State_5,Electronics,2020,4.738,30.612,9.999,10.254,0.0235,5.031,0.511
IND_FIRM_0235,State_3,Electronics,2020,6.164,22.875,9.395,8.862,0.0138,5.991,0.425
IND_FIRM_0236,State_4,Electronics,2020,3.481,15.996,18.813,16.839,0.0063,5.432,0.31
IND_FIRM_0237,State_1,Electronics,2020,5.33,41.271,8.581,9.035,0.0336,5.845,0.373
IND_FIRM_0238,State_5,Electronics,2020,5.365,30.612,9.999,10.254,0.0235,5.863,0.549
IND_FIRM_0239,State_5,Electronics,2020,6.21,30.612,9.999,10.254,0.0235,6.307,0.446
IND_FIRM_0240,State_1,Chemicals,2020,5.459,25.525,11.671,10.978,0.0143,5.883,0.432
IND_FIRM_0241,State_5,Chemicals,2020,3.706,26.26,10.87,10.324,0.0174,4.905,0.415
IND_FIRM_0242,State_3,Chemicals,2020,5.734,9.484,12.268,14.924,0.0002,5.35,0.493
IND_FIRM_0243,State_4,Chemicals,2020,3.211,15.565,14.895,12.83,0.0051,4.584,0.453
IND_FIRM_0244,State_1,Electronics,2020,4.116,41.271,8.581,9.035,0.0336,5.182,0.372
IND_FIRM_0245,State_4,Textiles,2020,7.474,14.872,6.665,5.108,0.0072,5.35,0.369
IND_FIRM_0246,State_5,Automotive,2020,4.282,21.172,12.614,15.457,0.0095,5.24,0.431
IND_FIRM_0247,State_5,Electronics,2020,5.092,30.612,9.999,10.254,0.0235,5.503,0.413
IND_FIRM_0248,State_1,Automotive,2020,3.818,16.442,15.243,18.583,0.0043,5.423,0.534
IND_FIRM_0249,State_3,Textiles,2020,6.266,48.077,4.048,3.099,0.0533,5.889,0.352
IND_FIRM_0250,State_2,Chemicals,2020,4.716,11.57,10.757,15.522,0.0015,5.262,0.365
IND_FIRM_0251,State_1,Textiles,2020,4.531,21.924,7.991,5.438,0.0138,4.733,0.414
IND_FIRM_0252,State_2,Electronics,2020,6.87,14.383,7.949,7.904,0.0045,5.452,0.414
IND_FIRM_0253,State_2,Chemicals,2020,3.585,11.57,10.757,15.522,0.0015,4.19,0.37
IND_FIRM_0254,State_3,Electronics,2020,5.759,22.875,9.395,8.862,0.0138,5.543,0.33
IND_FIRM_0255,State_2,Chemicals,2020,3.684,11.57,10.757,15.522,0.0015,4.869,0.462
IND_FIRM_0256,State_2,Automotive,2020,7.006,12.46,8.385,9.683,0.0037,5.674,0.373
IND_FIRM_0257,State_3,Automotive,2020,5.343,20.143,9.545,11.163,0.0085,4.869,0.442
IND_FIRM_0258,State_2,Automotive,2020,5.283,12.46,8.385,9.683,0.0037,5.273,0.389
IND_FIRM_0259,State_2,Textiles,2020,4.743,61.074,3.656,2.499,0.072,4.978,0.364
IND_FIRM_0260,State_2,Electronics,2020,4.727,14.383,7.949,7.904,0.0045,4.163,0.342
IND_FIRM_0261,State_1,Textiles,2020,5.412,21.924,7.991,5.438,0.0138,4.777,0.382
IND_FIRM_0262,State_1,Automotive,2020,4.795,16.442,15.243,18.583,0.0043,5.785,0.365
IND_FIRM_0263,State_1,Electronics,2020,5.278,41.271,8.581,9.035,0.0336,5.337,0.377
IND_FIRM_0264,State_3,Automotive,2020,5.119,20.143,9.545,11.163,0.0085,4.954,0.428
IND_FIRM_0265,State_5,Textiles,2020,3.642,20.433,7.841,5.215,0.0147,4.453,0.472
IND_FIRM_0266,State_2,Textiles,2020,4.523,61.074,3.656,2.499,0.072,5.224,0.387
IND_FIRM_0267,State_2,Textiles,2020,5.175,61.074,3.656,2.499,0.072,5.371,0.499
IND_FIRM_0268,State_3,Automotive,2020,5.447,20.143,9.545,11.163,0.0085,5.078,0.397
IND_FIRM_0269,State_2,Electronics,2020,7.172,14.383,7.949,7.904,0.0045,6.036,0.433
IND_FIRM_0270,State_1,Electronics,2020,3.44,41.271,8.581,9.035,0.0336,5.055,0.423
IND_FIRM_0271,State_5,Automotive,2020,3.208,21.172,12.614,15.457,0.0095,4.586,0.32
IND_FIRM_0272,State_4,Electronics,2020,1.021,15.996,18.813,16.839,0.0063,3.663,0.446
IND_FIRM_0273,State_2,Automotive,2020,6.015,12.46,8.385,9.683,0.0037,5.678,0.436
IND_FIRM_0274,State_1,Electronics,2020,5.081,41.271,8.581,9.035,0.0336,5.673,0.36
IND_FIRM_0275,State_4,Chemicals,2020,2.592,15.565,14.895,12.83,0.0051,4.258,0.45
IND_FIRM_0276,State_5,Chemicals,2020,2.379,26.26,10.87,10.324,0.0174,4.104,0.368
IND_FIRM_0277,State_4,Textiles,2020,5.494,14.872,6.665,5.108,0.0072,4.671,0.27
IND_FIRM_0278,State_1,Chemicals,2020,5.646,25.525,11.671,10.978,0.0143,5.257,0.401
IND_FIRM_0279,State_4,Chemicals,2020,4.526,15.565,14.895,12.83,0.0051,4.905,0.358
IND_FIRM_0280,State_3,Chemicals,2020,4.472,9.484,12.268,14.924,0.0002,5.006,0.394
IND_FIRM_0281,State_4,Automotive,2020,2.242,55.041,7.077,8.656,0.0388,4.855,0.354
IND_FIRM_0282,State_2,Chemicals,2020,3.884,11.57,10.757,15.522,0.0015,4.504,0.446
IND_FIRM_0283,State_2,Chemicals,2020,3.02,11.57,10.757,15.522,0.0015,4.307,0.431
IND_FIRM_0284,State_3,Textiles,2020,3.693,48.077,4.048,3.099,0.0533,4.697,0.474
IND_FIRM_0285,State_1,Chemicals,2020,3.039,25.525,11.671,10.978,0.0143,4.67,0.335
IND_FIRM_0286,State_2,Chemicals,2020,5.729,11.57,10.757,15.522,0.0015,5.096,0.362
IND_FIRM_0287,State_5,Electronics,2020,4.577,30.612,9.999,10.254,0.0235,5.04,0.353
IND_FIRM_0288,State_2,Textiles,2020,3.337,61.074,3.656,2.499,0.072,4.84,0.41
IND_FIRM_0289,State_2,Textiles,2020,6.548,61.074,3.656,2.499,0.072,6.762,0.419
IND_FIRM_0290,State_1,Textiles,2020,4.983,21.924,7.991,5.438,0.0138,4.713,0.378
IND_FIRM_0291,State_4,Textiles,2020,7.444,14.872,6.665,5.108,0.0072,5.768,0.401
IND_FIRM_0292,State_2,Textiles,2020,5.999,61.074,3.656,2.499,0.072,6.018,0.435
IND_FIRM_0293,State_3,Textiles,2020,3.784,48.077,4.048,3.099,0.0533,4.231,0.44
IND_FIRM_0294,State_4,Automotive,2020,3.674,55.041,7.077,8.656,0.0388,5.173,0.334
IND_FIRM_0295,State_5,Chemicals,2020,4.439,26.26,10.87,10.324,0.0174,5.227,0.395
IND_FIRM_0296,State_1,Textiles,2020,5.375,21.924,7.991,5.438,0.0138,4.75,0.359
IND_FIRM_0297,State_5,Chemicals,2020,4.999,26.26,10.87,10.324,0.0174,5.304,0.359
IND_FIRM_0298,State_4,Chemicals,2020,3.988,15.565,14.895,12.83,0.0051,4.95,0.381
IND_FIRM_0299,State_4,Automotive,2020,3.303,55.041,7.077,8.656,0.0388,4.977,0.433
IND_FIRM_0300,State_4,Textiles,2020,5.968,14.872,6.665,5.108,0.0072,5.288,0.359
IND_FIRM_0301,State_5,Electronics,2020,4.251,30.612,9.999,10.254,0.0235,5.151,0.366
IND_FIRM_0302,State_4,Automotive,2020,3.074,55.041,7.077,8.656,0.0388,4.45,0.509
IND_FIRM_0303,State_5,Electronics,2020,5.637,30.612,9.999,10.254,0.0235,5.679,0.423
IND_FIRM_0304,State_4,Chemicals,2020,5.201,15.565,14.895,12.83,0.0051,5.963,0.369
IND_FIRM_0305,State_3,Chemicals,2020,4.86,9.484,12.268,14.924,0.0002,5.264,0.458
IND_FIRM_0306,State_4,Automotive,2020,3.452,55.041,7.077,8.656,0.0388,5.047,0.375
IND_FIRM_0307,State_5,Automotive,2020,3.397,21.172,12.614,15.457,0.0095,4.767,0.444
IND_FIRM_0308,State_2,Electronics,2020,5.568,14.383,7.949,7.904,0.0045,4.908,0.367
IND_FIRM_0309,State_4,Textiles,2020,8.838,14.872,6.665,5.108,0.0072,6.048,0.358
IND_FIRM_0310,State_2,Electronics,2020,6.24,14.383,7.949,7.904,0.0045,6.087,0.44
IND_FIRM_0311,State_3,Automotive,2020,4.109,20.143,9.545,11.163,0.0085,4.66,0.302
IND_FIRM_0312,State_1,Electronics,2020,4.759,41.271,8.581,9.035,0.0336,5.597,0.354
IND_FIRM_0313,State_3,Automotive,2020,4.98,20.143,9.545,11.163,0.0085,5.144,0.338
IND_FIRM_0314,State_4,Electronics,2020,4.363,15.996,18.813,16.839,0.0063,5.096,0.375
IND_FIRM_0315,State_2,Automotive,2020,6.046,12.46,8.385,9.683,0.0037,5.535,0.362
IND_FIRM_0316,State_2,Automotive,2020,6.881,12.46,8.385,9.683,0.0037,6.162,0.335
IND_FIRM_0317,State_5,Automotive,2020,3.574,21.172,12.614,15.457,0.0095,4.723,0.333
IND_FIRM_0318,State_2,Textiles,2020,4.802,61.074,3.656,2.499,0.072,4.999,0.435
IND_FIRM_0319,State_5,Electronics,2020,3.045,30.612,9.999,10.254,0.0235,4.325,0.495
IND_FIRM_0320,State_1,Electronics,2020,3.399,41.271,8.581,9.035,0.0336,4.766,0.344
IND_FIRM_0321,State_4,Electronics,2020,4.322,15.996,18.813,16.839,0.0063,5.275,0.406
IND_FIRM_0322,State_5,Automotive,2020,3.298,21.172,12.614,15.457,0.0095,4.466,0.437
IND_FIRM_0323,State_1,Electronics,2020,3.342,41.271,8.581,9.035,0.0336,4.851,0.412
IND_FIRM_0324,State_2,Electronics,2020,5.699,14.383,7.949,7.904,0.0045,5.165,0.383
IND_FIRM_0325,State_2,Automotive,2020,6.558,12.46,8.385,9.683,0.0037,5.417,0.382
IND_FIRM_0326,State_1,Chemicals,2020,4.036,25.525,11.671,10.978,0.0143,4.768,0.403
IND_FIRM_0327,State_2,Automotive,2020,2.345,12.46,8.385,9.683,0.0037,3.505,0.315
IND_FIRM_0328,State_1,Electronics,2020,3.241,41.271,8.581,9.035,0.0336,4.482,0.322
IND_FIRM_0329,State_5,Automotive,2020,5.159,21.172,12.614,15.457,0.0095,5.338,0.38
IND_FIRM_0330,State_5,Chemicals,2020,4.881,26.26,10.87,10.324,0.0174,5.246,0.487
IND_FIRM_0331,State_1,Automotive,2020,5.214,16.442,15.243,18.583,0.0043,5.849,0.476
IND_FIRM_0332,State_5,Electronics,2020,3.142,30.612,9.999,10.254,0.0235,4.439,0.37
IND_FIRM_0333,State_5,Chemicals,2020,2.773,26.26,10.87,10.324,0.0174,4.387,0.432
IND_FIRM_0334,State_5,Textiles,2020,6.22,20.433,7.841,5.215,0.0147,5.104,0.357
IND_FIRM_0335,State_3,Electronics,2020,4.908,22.875,9.395,8.862,0.0138,5.548,0.336
IND_FIRM_0336,State_4,Chemicals,2020,4.401,15.565,14.895,12.83,0.0051,5.484,0.399
IND_FIRM_0337,State_2,Chemicals,2020,5.809,11.57,10.757,15.522,0.0015,5.554,0.397
IND_FIRM_0338,State_3,Textiles,2020,5.258,48.077,4.048,3.099,0.0533,5.346,0.381
IND_FIRM_0339,State_5,Automotive,2020,4.684,21.172,12.614,15.457,0.0095,5.975,0.394
IND_FIRM_0340,State_1,Automotive,2020,4.196,16.442,15.243,18.583,0.0043,5.68,0.408
IND_FIRM_0341,State_5,Electronics,2020,5.235,30.612,9.999,10.254,0.0235,5.038,0.435
IND_FIRM_0342,State_4,Textiles,2020,6.742,14.872,6.665,5.108,0.0072,5.342,0.408
IND_FIRM_0343,State_5,Automotive,2020,5.442,21.172,12.614,15.457,0.0095,5.534,0.424
IND_FIRM_0344,State_1,Textiles,2020,7.544,21.924,7.991,5.438,0.0138,6.074,0.479
IND_FIRM_0345,State_4,Automotive,2020,2.994,55.041,7.077,8.656,0.0388,4.526,0.359
IND_FIRM_0346,State_5,Chemicals,2020,5.169,26.26,10.87,10.324,0.0174,5.6,0.398
IND_FIRM_0347,State_4,Automotive,2020,3.782,55.041,7.077,8.656,0.0388,4.932,0.417
IND_FIRM_0348,State_2,Textiles,2020,3.644,61.074,3.656,2.499,0.072,4.897,0.366
IND_FIRM_0349,State_2,Chemicals,2020,4.021,11.57,10.757,15.522,0.0015,4.648,0.478
IND_FIRM_0350,State_5,Chemicals,2020,6.002,26.26,10.87,10.324,0.0174,5.461,0.491
IND_FIRM_0351,State_4,Chemicals,2020,4.224,15.565,14.895,12.83,0.0051,5.588,0.294
IND_FIRM_0352,State_1,Textiles,2020,6.331,21.924,7.991,5.438,0.0138,5.5,0.399
IND_FIRM_0353,State_5,Electronics,2020,4.317,30.612,9.999,10.254,0.0235,5.203,0.362
IND_FIRM_0354,State_2,Electronics,2020,6.177,14.383,7.949,7.904,0.0045,5.157,0.407
IND_FIRM_0355,State_2,Electronics,2020,6.85,14.383,7.949,7.904,0.0045,5.785,0.354
IND_FIRM_0356,State_5,Textiles,2020,4.004,20.433,7.841,5.215,0.0147,4.275,0.305
IND_FIRM_0357,State_4,Chemicals,2020,4.403,15.565,14.895,12.83,0.0051,4.902,0.446
IND_FIRM_0358,State_2,Electronics,2020,5.874,14.383,7.949,7.904,0.0045,5.368,0.429
IND_FIRM_0359,State_4,Textiles,2020,6.731,14.872,6.665,5.108,0.0072,5.381,0.422
IND_FIRM_0360,State_2,Electronics,2020,4.308,14.383,7.949,7.904,0.0045,4.497,0.399
IND_FIRM_0361,State_2,Automotive,2020,7.368,12.46,8.385,9.683,0.0037,6.191,0.441
IND_FIRM_0362,State_3,Electronics,2020,5.445,22.875,9.395,8.862,0.0138,5.446,0.411
IND_FIRM_0363,State_2,Electronics,2020,5.286,14.383,7.949,7.904,0.0045,5.45,0.396
IND_FIRM_0364,State_1,Chemicals,2020,4.015,25.525,11.671,10.978,0.0143,5.1,0.385
IND_FIRM_0365,State_5,Textiles,2020,6.545,20.433,7.841,5.215,0.0147,5.462,0.382
IND_FIRM_0366,State_5,Chemicals,2020,5.0,26.26,10.87,10.324,0.0174,4.948,0.421
IND_FIRM_0367,State_4,Chemicals,2020,5.255,15.565,14.895,12.83,0.0051,5.674,0.391
IND_FIRM_0368,State_2,Chemicals,2020,3.481,11.57,10.757,15.522,0.0015,4.406,0.379
IND_FIRM_0369,State_1,Chemicals,2020,4.022,25.525,11.671,10.978,0.0143,5.226,0.488
IND_FIRM_0370,State_4,Chemicals,2020,5.374,15.565,14.895,12.83,0.0051,4.997,0.343
IND_FIRM_0371,State_3,Electronics,2020,5.476,22.875,9.395,8.862,0.0138,4.879,0.386
IND_FIRM_0372,State_4,Chemicals,2020,3.728,15.565,14.895,12.83,0.0051,5.102,0.27
IND_FIRM_0373,State_4,Chemicals,2020,3.92,15.565,14.895,12.83,0.0051,4.929,0.438
IND_FIRM_0374,State_2,Textiles,2020,4.647,61.074,3.656,2.499,0.072,5.481,0.319
IND_FIRM_0375,State_3,Automotive,2020,3.038,20.143,9.545,11.163,0.0085,4.479,0.436
IND_FIRM_0376,State_4,Electronics,2020,5.263,15.996,18.813,16.839,0.0063,5.908,0.399
IND_FIRM_0377,State_1,Electronics,2020,3.984,41.271,8.581,9.035,0.0336,4.987,0.435
IND_FIRM_0378,State_1,Electronics,2020,4.641,41.271,8.581,9.035,0.0336,5.276,0.297
IND_FIRM_0379,State_5,Chemicals,2020,4.248,26.26,10.87,10.324,0.0174,5.166,0.384
IND_FIRM_0380,State_3,Chemicals,2020,4.784,9.484,12.268,14.924,0.0002,4.984,0.358
IND_FIRM_0381,State_3,Chemicals,2020,4.481,9.484,12.268,14.924,0.0002,4.993,0.374
IND_FIRM_0382,State_5,Textiles,2020,3.542,20.433,7.841,5.215,0.0147,4.048,0.404
IND_FIRM_0383,State_4,Automotive,2020,4.012,55.041,7.077,8.656,0.0388,5.573,0.391
IND_FIRM_0384,State_3,Chemicals,2020,5.626,9.484,12.268,14.924,0.0002,5.859,0.327
IND_FIRM_0385,State_1,Automotive,2020,1.977,16.442,15.243,18.583,0.0043,4.474,0.478
IND_FIRM_0386,State_1,Textiles,2020,5.628,21.924,7.991,5.438,0.0138,5.066,0.372
IND_FIRM_0387,State_2,Electronics,2020,4.637,14.383,7.949,7.904,0.0045,4.66,0.359
IND_FIRM_0388,State_3,Chemicals,2020,4.816,9.484,12.268,14.924,0.0002,5.157,0.4
IND_FIRM_0389,State_4,Automotive,2020,4.559,55.041,7.077,8.656,0.0388,5.443,0.318
IND_FIRM_0390,State_5,Automotive,2020,5.053,21.172,12.614,15.457,0.0095,5.604,0.295
IND_FIRM_0391,State_5,Chemicals,2020,5.766,26.26,10.87,10.324,0.0174,5.661,0.413
IND_FIRM_0392,State_4,Electronics,2020,5.589,15.996,18.813,16.839,0.0063,5.884,0.409
IND_FIRM_0393,State_2,Electronics,2020,5.689,14.383,7.949,7.904,0.0045,5.035,0.41
IND_FIRM_0394,State_5,Electronics,2020,3.191,30.612,9.999,10.254,0.0235,4.722,0.36
IND_FIRM_0395,State_3,Textiles,2020,4.5,48.077,4.048,3.099,0.0533,4.893,0.41
IND_FIRM_0396,State_2,Automotive,2020,5.687,12.46,8.385,9.683,0.0037,5.294,0.344
IND_FIRM_0397,State_3,Automotive,2020,3.997,20.143,9.545,11.163,0.0085,4.412,0.378
IND_FIRM_0398,State_1,Automotive,2020,6.1,16.442,15.243,18.583,0.0043,5.806,0.471
IND_FIRM_0399,State_2,Textiles,2020,5.533,61.074,3.656,2.499,0.072,5.616,0.458
IND_FIRM_0400,State_5,Automotive,2020,3.834,21.172,12.614,15.457,0.0095,5.34,0.269
IND_FIRM_0401,State_2,Textiles,2020,3.572,61.074,3.656,2.499,0.072,4.981,0.453
IND_FIRM_0402,State_2,Electronics,2020,5.307,14.383,7.949,7.904,0.0045,4.874,0.39
IND_FIRM_0403,State_2,Chemicals,2020,5.532,11.57,10.757,15.522,0.0015,5.071,0.382
IND_FIRM_0404,State_2,Automotive,2020,5.756,12.46,8.385,9.683,0.0037,5.13,0.448
IND_FIRM_0405,State_3,Automotive,2020,6.338,20.143,9.545,11.163,0.0085,5.462,0.493
IND_FIRM_0406,State_1,Electronics,2020,4.172,41.271,8.581,9.035,0.0336,4.752,0.336
IND_FIRM_0407,State_4,Chemicals,2020,4.841,15.565,14.895,12.83,0.0051,5.109,0.324
IND_FIRM_0408,State_2,Textiles,2020,4.367,61.074,3.656,2.499,0.072,5.467,0.42
IND_FIRM_0409,State_5,Chemicals,2020,4.983,26.26,10.87,10.324,0.0174,5.393,0.433
IND_FIRM_0410,State_2,Electronics,2020,5.869,14.383,7.949,7.904,0.0045,5.25,0.404
IND_FIRM_0411,State_5,Electronics,2020,5.515,30.612,9.999,10.254,0.0235,5.411,0.323
IND_FIRM_0412,State_3,Chemicals,2020,5.217,9.484,12.268,14.924,0.0002,5.693,0.364
IND_FIRM_0413,State_5,Textiles,2020,6.062,20.433,7.841,5.215,0.0147,5.332,0.351
IND_FIRM_0414,State_4,Textiles,2020,6.689,14.872,6.665,5.108,0.0072,5.586,0.413
IND_FIRM_0415,State_1,Automotive,2020,2.536,16.442,15.243,18.583,0.0043,4.942,0.394
IND_FIRM_0416,State_5,Textiles,2020,6.536,20.433,7.841,5.215,0.0147,5.543,0.423
IND_FIRM_0417,State_5,Chemicals,2020,5.902,26.26,10.87,10.324,0.0174,5.873,0.42
IND_FIRM_0418,State_1,Electronics,2020,5.774,41.271,8.581,9.035,0.0336,5.504,0.309
IND_FIRM_0419,State_4,Automotive,2020,3.176,55.041,7.077,8.656,0.0388,4.828,0.412
IND_FIRM_0420,State_2,Automotive,2020,5.265,12.46,8.385,9.683,0.0037,5.511,0.357
IND_FIRM_0421,State_5,Electronics,2020,4.643,30.612,9.999,10.254,0.0235,5.344,0.457
IND_FIRM_0422,State_1,Textiles,2020,4.704,21.924,7.991,5.438,0.0138,4.823,0.331
IND_FIRM_0423,State_3,Electronics,2020,3.747,22.875,9.395,8.862,0.0138,4.436,0.42
IND_FIRM_0424,State_1,Textiles,2020,5.821,21.924,7.991,5.438,0.0138,4.718,0.376
IND_FIRM_0425,State_3,Electronics,2020,4.626,22.875,9.395,8.862,0.0138,5.279,0.36
IND_FIRM_0426,State_4,Chemicals,2020,4.781,15.565,14.895,12.83,0.0051,4.865,0.384
IND_FIRM_0427,State_2,Textiles,2020,2.344,61.074,3.656,2.499,0.072,3.99,0.315
IND_FIRM_0428,State_1,Chemicals,2020,5.003,25.525,11.671,10.978,0.0143,5.358,0.373
IND_FIRM_0429,State_5,Automotive,2020,3.306,21.172,12.614,15.457,0.0095,4.519,0.445
IND_FIRM_0430,State_4,Electronics,2020,4.247,15.996,18.813,16.839,0.0063,5.604,0.397
IND_FIRM_0431,State_1,Automotive,2020,3.96,16.442,15.243,18.583,0.0043,4.968,0.394
IND_FIRM_0432,State_5,Automotive,2020,4.679,21.172,12.614,15.457,0.0095,5.541,0.455
IND_FIRM_0433,State_1,Automotive,2020,3.49,16.442,15.243,18.583,0.0043,5.112,0.338
IND_FIRM_0434,State_3,Automotive,2020,4.11,20.143,9.545,11.163,0.0085,4.915,0.483
IND_FIRM_0435,State_1,Electronics,2020,6.822,41.271,8.581,9.035,0.0336,6.111,0.448
IND_FIRM_0436,State_1,Automotive,2020,3.448,16.442,15.243,18.583,0.0043,4.936,0.377
IND_FIRM_0437,State_1,Electronics,2020,4.872,41.271,8.581,9.035,0.0336,5.462,0.439
IND_FIRM_0438,State_4,Electronics,2020,2.511,15.996,18.813,16.839,0.0063,4.742,0.405
IND_FIRM_0439,State_1,Chemicals,2020,5.536,25.525,11.671,10.978,0.0143,5.534,0.398
IND_FIRM_0440,State_5,Textiles,2020,6.408,20.433,7.841,5.215,0.0147,5.282,0.351
IND_FIRM_0441,State_3,Textiles,2020,5.202,48.077,4.048,3.099,0.0533,5.035,0.417
IND_FIRM_0442,State_3,Electronics,2020,4.863,22.875,9.395,8.862,0.0138,5.109,0.346
IND_FIRM_0443,State_1,Chemicals,2020,4.37,25.525,11.671,10.978,0.0143,5.086,0.47
IND_FIRM_0444,State_4,Electronics,2020,3.503,15.996,18.813,16.839,0.0063,4.602,0.405
IND_FIRM_0445,State_4,Electronics,2020,6.193,15.996,18.813,16.839,0.0063,6.599,0.377
IND_FIRM_0446,State_5,Electronics,2020,4.893,30.612,9.999,10.254,0.0235,5.068,0.334
IND_FIRM_0447,State_1,Chemicals,2020,4.778,25.525,11.671,10.978,0.0143,5.29,0.434
IND_FIRM_0448,State_3,Textiles,2020,6.15,48.077,4.048,3.099,0.0533,6.081,0.389
IND_FIRM_0449,State_4,Chemicals,2020,4.349,15.565,14.895,12.83,0.0051,4.442,0.322
IND_FIRM_0450,State_1,Automotive,2020,3.802,16.442,15.243,18.583,0.0043,4.98,0.401
IND_FIRM_0451,State_4,Chemicals,2020,4.022,15.565,14.895,12.83,0.0051,4.941,0.364
IND_FIRM_0452,State_4,Chemicals,2020,4.522,15.565,14.895,12.83,0.0051,4.941,0.364
IND_FIRM_0453,State_3,Chemicals,2020,4.719,9.484,12.268,14.924,0.0002,5.166,0.498
IND_FIRM_0454,State_2,Chemicals,2020,4.522,11.57,10.757,15.522,0.0015,4.781,0.357
IND_FIRM_0455,State_5,Textiles,2020,5.623,20.433,7.841,5.215,0.0147,5.376,0.312
IND_FIRM_0456,State_5,Automotive,2020,3.282,21.172,12.614,15.457,0.0095,4.815,0.37
IND_FIRM_0457,State_3,Textiles,2020,5.694,48.077,4.048,3.099,0.0533,5.608,0.431
IND_FIRM_0458,State_4,Textiles,2020,7.462,14.872,6.665,5.108,0.0072,5.413,0.241
IND_FIRM_0459,State_1,Chemicals,2020,4.059,25.525,11.671,10.978,0.0143,5.096,0.411
IND_FIRM_0460,State_4,Electronics,2020,3.69,15.996,18.813,16.839,0.0063,4.771,0.381
IND_FIRM_0461,State_3,Electronics,2020,5.239,22.875,9.395,8.862,0.0138,5.656,0.382
IND_FIRM_0462,State_5,Textiles,2020,4.393,20.433,7.841,5.215,0.0147,4.743,0.456
IND_FIRM_0463,State_4,Textiles,2020,7.827,14.872,6.665,5.108,0.0072,6.327,0.382
IND_FIRM_0464,State_5,Chemicals,2020,4.823,26.26,10.87,10.324,0.0174,5.515,0.495
IND_FIRM_0465,State_1,Textiles,2020,5.594,21.924,7.991,5.438,0.0138,5.269,0.398
IND_FIRM_0466,State_5,Chemicals,2020,5.09,26.26,10.87,10.324,0.0174,5.337,0.33
IND_FIRM_0467,State_5,Electronics,2020,3.47,30.612,9.999,10.254,0.0235,5.23,0.359
IND_FIRM_0468,State_2,Electronics,2020,6.993,14.383,7.949,7.904,0.0045,5.745,0.377
IND_FIRM_0469,State_2,Automotive,2020,5.973,12.46,8.385,9.683,0.0037,5.277,0.378
IND_FIRM_0470,State_2,Electronics,2020,6.857,14.383,7.949,7.904,0.0045,5.721,0.402
IND_FIRM_0471,State_5,Textiles,2020,5.992,20.433,7.841,5.215,0.0147,5.005,0.391
IND_FIRM_0472,State_3,Electronics,2020,6.996,22.875,9.395,8.862,0.0138,5.8,0.379
IND_FIRM_0473,State_5,Chemicals,2020,4.868,26.26,10.87,10.324,0.0174,5.423,0.52
IND_FIRM_0474,State_3,Electronics,2020,7.426,22.875,9.395,8.862,0.0138,6.148,0.488
IND_FIRM_0475,State_3,Automotive,2020,5.232,20.143,9.545,11.163,0.0085,5.146,0.408
IND_FIRM_0476,State_2,Electronics,2020,5.807,14.383,7.949,7.904,0.0045,5.077,0.33
IND_FIRM_0477,State_4,Chemicals,2020,3.124,15.565,14.895,12.83,0.0051,4.584,0.401
IND_FIRM_0478,State_1,Chemicals,2020,3.991,25.525,11.671,10.978,0.0143,5.158,0.457
IND_FIRM_0479,State_2,Textiles,2020,5.202,61.074,3.656,2.499,0.072,5.453,0.364
IND_FIRM_0480,State_2,Electronics,2020,6.881,14.383,7.949,7.904,0.0045,5.682,0.355
IND_FIRM_0481,State_4,Chemicals,2020,7.402,15.565,14.895,12.83,0.0051,6.65,0.419
IND_FIRM_0482,State_1,Automotive,2020,3.897,16.442,15.243,18.583,0.0043,5.27,0.471
IND_FIRM_0483,State_5,Textiles,2020,5.408,20.433,7.841,5.215,0.0147,4.907,0.519
IND_FIRM_0484,State_5,Automotive,2020,5.208,21.172,12.614,15.457,0.0095,6.025,0.268
IND_FIRM_0485,State_2,Electronics,2020,5.01,14.383,7.949,7.904,0.0045,4.832,0.526
IND_FIRM_0486,State_1,Electronics,2020,4.735,41.271,8.581,9.035,0.0336,5.416,0.417
IND_FIRM_0487,State_2,Electronics,2020,6.026,14.383,7.949,7.904,0.0045,4.938,0.429
IND_FIRM_0488,State_3,Textiles,2020,4.93,48.077,4.048,3.099,0.0533,5.515,0.474
IND_FIRM_0489,State_2,Chemicals,2020,6.048,11.57,10.757,15.522,0.0015,5.697,0.436
IND_FIRM_0490,State_2,Textiles,2020,3.661,61.074,3.656,2.499,0.072,5.345,0.381
IND_FIRM_0491,State_5,Automotive,2020,5.325,21.172,12.614,15.457,0.0095,5.737,0.421
IND_FIRM_0492,State_5,Textiles,2020,6.516,20.433,7.841,5.215,0.0147,5.255,0.422
IND_FIRM_0493,State_5,Automotive,2020,2.184,21.172,12.614,15.457,0.0095,4.334,0.464
IND_FIRM_0494,State_3,Textiles,2020,4.196,48.077,4.048,3.099,0.0533,4.192,0.45
IND_FIRM_0495,State_5,Chemicals,2020,3.022,26.26,10.87,10.324,0.0174,4.616,0.487
IND_FIRM_0496,State_1,Automotive,2020,6.519,16.442,15.243,18.583,0.0043,5.89,0.438
IND_FIRM_0497,State_4,Electronics,2020,3.334,15.996,18.813,16.839,0.0063,4.762,0.429
IND_FIRM_0498,State_1,Electronics,2020,6.599,41.271,8.581,9.035,0.0336,6.326,0.37
IND_FIRM_0499,State_1,Textiles,2020,4.589,21.924,7.991,5.438,0.0138,4.332,0.414
IND_FIRM_0500,State_5,Electronics,2020,4.281,30.612,9.999,10.254,0.0235,4.611,0.417
IND_FIRM_0001,State_2,Textiles,2021,3.246,62.582,4.063,2.721,0.0177,4.765,0.303
IND_FIRM_0002,State_2,Textiles,2021,3.894,62.582,4.063,2.721,0.0177,5.06,0.365
IND_FIRM_0003,State_4,Electronics,2021,6.44,18.946,18.723,16.657,0.0082,6.658,0.453
IND_FIRM_0004,State_2,Textiles,2021,2.465,62.582,4.063,2.721,0.0177,4.589,0.429
IND_FIRM_0005,State_2,Chemicals,2021,4.297,13.421,11.047,15.927,0.0034,5.166,0.313
IND_FIRM_0006,State_4,Chemicals,2021,3.751,13.836,15.459,13.339,0.0112,5.212,0.404
IND_FIRM_0007,State_4,Automotive,2021,3.11,55.156,7.605,9.244,0.0277,4.887,0.416
IND_FIRM_0008,State_1,Textiles,2021,5.927,19.823,7.531,5.184,0.0034,5.537,0.373
IND_FIRM_0009,State_5,Electronics,2021,5.556,33.135,9.928,10.28,0.0307,5.873,0.28
IND_FIRM_0010,State_5,Chemicals,2021,4.783,27.403,11.201,10.686,0.038,5.586,0.384
IND_FIRM_0011,State_2,Chemicals,2021,4.295,13.421,11.047,15.927,0.0034,4.48,0.41
IND_FIRM_0012,State_5,Electronics,2021,6.998,33.135,9.928,10.28,0.0307,6.674,0.455
IND_FIRM_0013,State_2,Electronics,2021,3.304,14.511,8.39,8.408,0.0059,4.008,0.376
IND_FIRM_0014,State_1,Chemicals,2021,3.751,23.471,11.215,10.36,0.0313,4.726,0.341
IND_FIRM_0015,State_4,Chemicals,2021,4.874,13.836,15.459,13.339,0.0112,5.38,0.349
IND_FIRM_0016,State_4,Electronics,2021,4.05,18.946,18.723,16.657,0.0082,5.267,0.436
IND_FIRM_0017,State_4,Chemicals,2021,4.385,13.836,15.459,13.339,0.0112,5.416,0.465
IND_FIRM_0018,State_5,Automotive,2021,5.545,20.359,13.474,16.501,0.0068,5.938,0.371
IND_FIRM_0019,State_1,Automotive,2021,3.884,14.456,15.081,18.368,0.0031,5.28,0.399
IND_FIRM_0020,State_5,Electronics,2021,5.241,33.135,9.928,10.28,0.0307,4.961,0.403
IND_FIRM_0021,State_5,Textiles,2021,5.005,21.596,8.155,5.415,0.0036,5.42,0.403
IND_FIRM_0022,State_1,Electronics,2021,5.027,42.275,7.675,8.126,0.0439,5.576,0.422
IND_FIRM_0023,State_1,Electronics,2021,4.361,42.275,7.675,8.126,0.0439,5.169,0.499
IND_FIRM_0024,State_1,Textiles,2021,5.183,19.823,7.531,5.184,0.0034,5.536,0.441
IND_FIRM_0025,State_1,Textiles,2021,5.496,19.823,7.531,5.184,0.0034,5.296,0.483
IND_FIRM_0026,State_4,Textiles,2021,7.245,15.857,6.472,5.089,0.0018,5.463,0.363
IND_FIRM_0027,State_3,Automotive,2021,1.842,21.953,9.42,11.006,0.0061,4.601,0.487
IND_FIRM_0028,State_3,Chemicals,2021,4.923,8.963,12.577,15.115,0.0005,5.223,0.388
IND_FIRM_0029,State_1,Automotive,2021,4.197,14.456,15.081,18.368,0.0031,5.327,0.407
IND_FIRM_0030,State_3,Chemicals,2021,6.064,8.963,12.577,15.115,0.0005,5.855,0.407
IND_FIRM_0031,State_3,Automotive,2021,4.676,21.953,9.42,11.006,0.0061,5.067,0.364
IND_FIRM_0032,State_1,Chemicals,2021,5.423,23.471,11.215,10.36,0.0313,5.913,0.372
IND_FIRM_0033,State_3,Automotive,2021,3.814,21.953,9.42,11.006,0.0061,5.02,0.463
IND_FIRM_0034,State_5,Textiles,2021,3.154,21.596,8.155,5.415,0.0036,3.998,0.389
IND_FIRM_0035,State_2,Electronics,2021,7.036,14.511,8.39,8.408,0.0059,6.019,0.459
IND_FIRM_0036,State_2,Automotive,2021,4.723,13.061,8.77,10.167,0.0026,4.927,0.384
IND_FIRM_0037,State_1,Chemicals,2021,3.049,23.471,11.215,10.36,0.0313,4.637,0.406
IND_FIRM_0038,State_4,Textiles,2021,5.892,15.857,6.472,5.089,0.0018,5.459,0.419
IND_FIRM_0039,State_1,Automotive,2021,3.415,14.456,15.081,18.368,0.0031,5.384,0.433
IND_FIRM_0040,State_4,Automotive,2021,4.489,55.156,7.605,9.244,0.0277,5.647,0.405
IND_FIRM_0041,State_2,Textiles,2021,4.421,62.582,4.063,2.721,0.0177,5.921,0.526
IND_FIRM_0042,State_1,Automotive,2021,3.982,14.456,15.081,18.368,0.0031,5.316,0.44
IND_FIRM_0043,State_5,Electronics,2021,3.567,33.135,9.928,10.28,0.0307,4.823,0.483
IND_FIRM_0044,State_3,Automotive,2021,5.232,21.953,9.42,11.006,0.0061,5.427,0.416
IND_FIRM_0045,State_4,Electronics,2021,3.253,18.946,18.723,16.657,0.0082,5.165,0.462
IND_FIRM_0046,State_3,Electronics,2021,5.895,22.755,9.869,9.219,0.0181,5.571,0.505
IND_FIRM_0047,State_3,Textiles,2021,4.16,47.731,4.028,3.132,0.0131,4.585,0.388
IND_FIRM_0048,State_1,Automotive,2021,3.455,14.456,15.081,18.368,0.0031,4.835,0.434
IND_FIRM_0049,State_3,Textiles,2021,5.22,47.731,4.028,3.132,0.0131,5.325,0.372
IND_FIRM_0050,State_5,Automotive,2021,5.088,20.359,13.474,16.501,0.0068,5.897,0.351
IND_FIRM_0051,State_3,Automotive,2021,6.076,21.953,9.42,11.006,0.0061,6.013,0.444
IND_FIRM_0052,State_1,Chemicals,2021,4.599,23.471,11.215,10.36,0.0313,5.196,0.377
IND_FIRM_0053,State_5,Automotive,2021,2.972,20.359,13.474,16.501,0.0068,5.474,0.404
IND_FIRM_0054,State_2,Textiles,2021,4.451,62.582,4.063,2.721,0.0177,5.252,0.366
IND_FIRM_0055,State_3,Electronics,2021,3.697,22.755,9.869,9.219,0.0181,4.724,0.357
IND_FIRM_0056,State_1,Automotive,2021,3.147,14.456,15.081,18.368,0.0031,5.032,0.474
IND_FIRM_0057,State_2,Chemicals,2021,6.449,13.421,11.047,15.927,0.0034,6.068,0.32
IND_FIRM_0058,State_2,Textiles,2021,5.417,62.582,4.063,2.721,0.0177,5.625,0.422
IND_FIRM_0059,State_4,Automotive,2021,2.963,55.156,7.605,9.244,0.0277,5.368,0.396
IND_FIRM_0060,State_5,Textiles,2021,6.499,21.596,8.155,5.415,0.0036,5.632,0.387
IND_FIRM_0061,State_3,Chemicals,2021,6.063,8.963,12.577,15.115,0.0005,5.685,0.352
IND_FIRM_0062,State_1,Chemicals,2021,4.019,23.471,11.215,10.36,0.0313,5.25,0.31
IND_FIRM_0063,State_4,Textiles,2021,5.332,15.857,6.472,5.089,0.0018,4.911,0.449
IND_FIRM_0064,State_5,Automotive,2021,3.702,20.359,13.474,16.501,0.0068,4.768,0.388
IND_FIRM_0065,State_4,Electronics,2021,3.912,18.946,18.723,16.657,0.0082,5.901,0.441
IND_FIRM_0066,State_5,Chemicals,2021,5.711,27.403,11.201,10.686,0.038,5.63,0.472
IND_FIRM_0067,State_5,Automotive,2021,5.048,20.359,13.474,16.501,0.0068,6.389,0.383
IND_FIRM_0068,State_3,Automotive,2021,6.025,21.953,9.42,11.006,0.0061,5.879,0.457
IND_FIRM_0069,State_5,Electronics,2021,2.622,33.135,9.928,10.28,0.0307,4.59,0.431
IND_FIRM_0070,State_4,Chemicals,2021,4.538,13.836,15.459,13.339,0.0112,5.483,0.501
IND_FIRM_0071,State_5,Chemicals,2021,3.59,27.403,11.201,10.686,0.038,4.647,0.353
IND_FIRM_0072,State_3,Automotive,2021,4.932,21.953,9.42,11.006,0.0061,5.157,0.463
IND_FIRM_0073,State_3,Automotive,2021,5.296,21.953,9.42,11.006,0.0061,5.549,0.361
IND_FIRM_0074,State_4,Electronics,2021,4.285,18.946,18.723,16.657,0.0082,5.852,0.324
IND_FIRM_0075,State_2,Electronics,2021,4.026,14.511,8.39,8.408,0.0059,4.799,0.321
IND_FIRM_0076,State_2,Chemicals,2021,2.42,13.421,11.047,15.927,0.0034,3.983,0.478
IND_FIRM_0077,State_5,Textiles,2021,4.545,21.596,8.155,5.415,0.0036,5.493,0.303
IND_FIRM_0078,State_1,Chemicals,2021,6.91,23.471,11.215,10.36,0.0313,6.337,0.367
IND_FIRM_0079,State_5,Automotive,2021,3.58,20.359,13.474,16.501,0.0068,4.953,0.387
IND_FIRM_0080,State_4,Chemicals,2021,4.742,13.836,15.459,13.339,0.0112,5.307,0.362
IND_FIRM_0081,State_4,Textiles,2021,7.521,15.857,6.472,5.089,0.0018,6.231,0.316
IND_FIRM_0082,State_4,Electronics,2021,4.095,18.946,18.723,16.657,0.0082,6.037,0.473
IND_FIRM_0083,State_4,Textiles,2021,6.188,15.857,6.472,5.089,0.0018,5.263,0.453
IND_FIRM_0084,State_4,Textiles,2021,6.682,15.857,6.472,5.089,0.0018,5.601,0.418
IND_FIRM_0085,State_3,Textiles,2021,4.843,47.731,4.028,3.132,0.0131,5.221,0.353
IND_FIRM_0086,State_2,Electronics,2021,4.229,14.511,8.39,8.408,0.0059,4.566,0.437
IND_FIRM_0087,State_4,Textiles,2021,4.43,15.857,6.472,5.089,0.0018,4.536,0.281
IND_FIRM_0088,State_1,Textiles,2021,7.687,19.823,7.531,5.184,0.0034,6.136,0.295
IND_FIRM_0089,State_1,Textiles,2021,5.731,19.823,7.531,5.184,0.0034,5.46,0.375
IND_FIRM_0090,State_1,Automotive,2021,3.474,14.456,15.081,18.368,0.0031,5.424,0.435
IND_FIRM_0091,State_1,Textiles,2021,5.36,19.823,7.531,5.184,0.0034,5.528,0.41
IND_FIRM_0092,State_3,Electronics,2021,5.894,22.755,9.869,9.219,0.0181,5.582,0.292
IND_FIRM_0093,State_1,Textiles,2021,8.339,19.823,7.531,5.184,0.0034,6.497,0.438
IND_FIRM_0094,State_4,Textiles,2021,6.118,15.857,6.472,5.089,0.0018,5.566,0.294
IND_FIRM_0095,State_5,Electronics,2021,3.511,33.135,9.928,10.28,0.0307,5.104,0.345
IND_FIRM_0096,State_1,Textiles,2021,4.429,19.823,7.531,5.184,0.0034,5.345,0.391
IND_FIRM_0097,State_3,Electronics,2021,5.476,22.755,9.869,9.219,0.0181,5.915,0.484
IND_FIRM_0098,State_3,Textiles,2021,4.364,47.731,4.028,3.132,0.0131,4.834,0.394
IND_FIRM_0099,State_1,Electronics,2021,5.074,42.275,7.675,8.126,0.0439,5.758,0.324
IND_FIRM_0100,State_5,Textiles,2021,2.986,21.596,8.155,5.415,0.0036,4.324,0.466
IND_FIRM_0101,State_1,Textiles,2021,4.931,19.823,7.531,5.184,0.0034,5.233,0.488
IND_FIRM_0102,State_3,Automotive,2021,4.89,21.953,9.42,11.006,0.0061,5.736,0.391
IND_FIRM_0103,State_2,Automotive,2021,6.636,13.061,8.77,10.167,0.0026,6.131,0.39
IND_FIRM_0104,State_4,Textiles,2021,5.254,15.857,6.472,5.089,0.0018,4.837,0.455
IND_FIRM_0105,State_3,Textiles,2021,3.313,47.731,4.028,3.132,0.0131,4.299,0.439
IND_FIRM_0106,State_1,Chemicals,2021,3.707,23.471,11.215,10.36,0.0313,4.76,0.368
IND_FIRM_0107,State_4,Electronics,2021,2.088,18.946,18.723,16.657,0.0082,5.015,0.465
IND_FIRM_0108,State_1,Chemicals,2021,4.706,23.471,11.215,10.36,0.0313,5.462,0.435
IND_FIRM_0109,State_1,Automotive,2021,3.783,14.456,15.081,18.368,0.0031,4.844,0.434
IND_FIRM_0110,State_2,Automotive,2021,3.777,13.061,8.77,10.167,0.0026,4.638,0.461
IND_FIRM_0111,State_4,Automotive,2021,4.599,55.156,7.605,9.244,0.0277,5.674,0.37
IND_FIRM_0112,State_4,Automotive,2021,3.24,55.156,7.605,9.244,0.0277,5.076,0.368
IND_FIRM_0113,State_2,Textiles,2021,5.021,62.582,4.063,2.721,0.0177,5.738,0.413
IND_FIRM_0114,State_3,Automotive,2021,2.35,21.953,9.42,11.006,0.0061,4.388,0.456
IND_FIRM_0115,State_1,Textiles,2021,4.453,19.823,7.531,5.184,0.0034,4.493,0.371
IND_FIRM_0116,State_5,Textiles,2021,5.211,21.596,8.155,5.415,0.0036,5.316,0.363
IND_FIRM_0117,State_1,Automotive,2021,3.044,14.456,15.081,18.368,0.0031,4.778,0.423
IND_FIRM_0118,State_1,Automotive,2021,3.641,14.456,15.081,18.368,0.0031,5.346,0.429
IND_FIRM_0119,State_3,Electronics,2021,4.613,22.755,9.869,9.219,0.0181,5.478,0.438
IND_FIRM_0120,State_1,Chemicals,2021,4.696,23.471,11.215,10.36,0.0313,5.463,0.444
IND_FIRM_0121,State_2,Automotive,2021,4.79,13.061,8.77,10.167,0.0026,4.911,0.334
IND_FIRM_0122,State_2,Electronics,2021,5.415,14.511,8.39,8.408,0.0059,5.24,0.47
IND_FIRM_0123,State_4,Electronics,2021,2.225,18.946,18.723,16.657,0.0082,4.692,0.391
IND_FIRM_0124,State_5,Chemicals,2021,5.004,27.403,11.201,10.686,0.038,5.388,0.442
IND_FIRM_0125,State_1,Textiles,2021,5.367,19.823,7.531,5.184,0.0034,5.24,0.379
IND_FIRM_0126,State_1,Automotive,2021,3.752,14.456,15.081,18.368,0.0031,5.313,0.332
IND_FIRM_0127,State_3,Chemicals,2021,7.669,8.963,12.577,15.115,0.0005,7.073,0.453
IND_FIRM_0128,State_2,Automotive,2021,3.906,13.061,8.77,10.167,0.0026,4.648,0.36
IND_FIRM_0129,State_5,Electronics,2021,5.173,33.135,9.928,10.28,0.0307,6.124,0.406
IND_FIRM_0130,State_4,Electronics,2021,0.451,18.946,18.723,16.657,0.0082,4.02,0.47
IND_FIRM_0131,State_2,Textiles,2021,1.592,62.582,4.063,2.721,0.0177,4.403,0.343
IND_FIRM_0132,State_4,Electronics,2021,2.54,18.946,18.723,16.657,0.0082,4.505,0.475
IND_FIRM_0133,State_3,Electronics,2021,3.276,22.755,9.869,9.219,0.0181,4.832,0.402
IND_FIRM_0134,State_3,Chemicals,2021,4.708,8.963,12.577,15.115,0.0005,5.422,0.297
IND_FIRM_0135,State_1,Automotive,2021,4.61,14.456,15.081,18.368,0.0031,5.092,0.382
IND_FIRM_0136,State_5,Automotive,2021,3.106,20.359,13.474,16.501,0.0068,4.762,0.332
IND_FIRM_0137,State_4,Chemicals,2021,4.444,13.836,15.459,13.339,0.0112,4.921,0.412
IND_FIRM_0138,State_2,Textiles,2021,5.128,62.582,4.063,2.721,0.0177,5.678,0.434
IND_FIRM_0139,State_3,Automotive,2021,5.452,21.953,9.42,11.006,0.0061,5.602,0.463
IND_FIRM_0140,State_1,Electronics,2021,2.376,42.275,7.675,8.126,0.0439,4.371,0.391
IND_FIRM_0141,State_1,Automotive,2021,3.661,14.456,15.081,18.368,0.0031,5.097,0.318
IND_FIRM_0142,State_4,Electronics,2021,3.077,18.946,18.723,16.657,0.0082,5.111,0.358
IND_FIRM_0143,State_3,Textiles,2021,5.633,47.731,4.028,3.132,0.0131,5.902,0.394
IND_FIRM_0144,State_5,Chemicals,2021,3.587,27.403,11.201,10.686,0.038,4.802,0.367
IND_FIRM_0145,State_3,Automotive,2021,5.168,21.953,9.42,11.006,0.0061,5.396,0.438
IND_FIRM_0146,State_4,Chemicals,2021,4.828,13.836,15.459,13.339,0.0112,5.089,0.46
IND_FIRM_0147,State_4,Automotive,2021,3.133,55.156,7.605,9.244,0.0277,4.909,0.437
IND_FIRM_0148,State_3,Electronics,2021,3.816,22.755,9.869,9.219,0.0181,4.79,0.435
IND_FIRM_0149,State_4,Chemicals,2021,4.005,13.836,15.459,13.339,0.0112,5.5,0.398
IND_FIRM_0150,State_3,Automotive,2021,4.379,21.953,9.42,11.006,0.0061,5.345,0.373
IND_FIRM_0151,State_2,Electronics,2021,5.691,14.511,8.39,8.408,0.0059,5.823,0.372
IND_FIRM_0152,State_3,Chemicals,2021,3.392,8.963,12.577,15.115,0.0005,4.464,0.488
IND_FIRM_0153,State_3,Chemicals,2021,4.36,8.963,12.577,15.115,0.0005,5.138,0.451
IND_FIRM_0154,State_4,Automotive,2021,3.271,55.156,7.605,9.244,0.0277,5.188,0.324
IND_FIRM_0155,State_4,Automotive,2021,4.256,55.156,7.605,9.244,0.0277,5.728,0.31
IND_FIRM_0156,State_1,Automotive,2021,3.11,14.456,15.081,18.368,0.0031,4.619,0.497
IND_FIRM_0157,State_1,Electronics,2021,4.313,42.275,7.675,8.126,0.0439,5.546,0.491
IND_FIRM_0158,State_2,Automotive,2021,5.984,13.061,8.77,10.167,0.0026,5.226,0.411
IND_FIRM_0159,State_1,Chemicals,2021,6.33,23.471,11.215,10.36,0.0313,6.283,0.476
IND_FIRM_0160,State_3,Chemicals,2021,3.213,8.963,12.577,15.115,0.0005,5.057,0.308
IND_FIRM_0161,State_4,Automotive,2021,3.294,55.156,7.605,9.244,0.0277,4.966,0.337
IND_FIRM_0162,State_1,Automotive,2021,3.38,14.456,15.081,18.368,0.0031,5.139,0.409
IND_FIRM_0163,State_1,Textiles,2021,4.296,19.823,7.531,5.184,0.0034,4.629,0.345
IND_FIRM_0164,State_2,Chemicals,2021,6.534,13.421,11.047,15.927,0.0034,6.055,0.421
IND_FIRM_0165,State_2,Electronics,2021,4.331,14.511,8.39,8.408,0.0059,4.921,0.323
IND_FIRM_0166,State_3,Textiles,2021,4.313,47.731,4.028,3.132,0.0131,5.106,0.433
IND_FIRM_0167,State_4,Automotive,2021,4.671,55.156,7.605,9.244,0.0277,5.576,0.426
IND_FIRM_0168,State_2,Automotive,2021,3.6,13.061,8.77,10.167,0.0026,4.574,0.404
IND_FIRM_0169,State_1,Chemicals,2021,5.688,23.471,11.215,10.36,0.0313,5.568,0.364
IND_FIRM_0170,State_4,Automotive,2021,1.855,55.156,7.605,9.244,0.0277,4.684,0.317
IND_FIRM_0171,State_4,Electronics,2021,4.586,18.946,18.723,16.657,0.0082,5.503,0.489
IND_FIRM_0172,State_1,Chemicals,2021,2.375,23.471,11.215,10.36,0.0313,4.359,0.396
IND_FIRM_0173,State_2,Automotive,2021,3.7,13.061,8.77,10.167,0.0026,4.633,0.345
IND_FIRM_0174,State_1,Chemicals,2021,4.433,23.471,11.215,10.36,0.0313,5.086,0.383
IND_FIRM_0175,State_4,Automotive,2021,4.755,55.156,7.605,9.244,0.0277,5.583,0.391
IND_FIRM_0176,State_5,Automotive,2021,4.071,20.359,13.474,16.501,0.0068,5.502,0.391
IND_FIRM_0177,State_5,Automotive,2021,4.118,20.359,13.474,16.501,0.0068,4.796,0.365
IND_FIRM_0178,State_3,Electronics,2021,6.524,22.755,9.869,9.219,0.0181,6.102,0.518
IND_FIRM_0179,State_1,Electronics,2021,6.091,42.275,7.675,8.126,0.0439,6.334,0.383
IND_FIRM_0180,State_1,Chemicals,2021,4.919,23.471,11.215,10.36,0.0313,5.793,0.418
IND_FIRM_0181,State_3,Automotive,2021,4.269,21.953,9.42,11.006,0.0061,4.826,0.328
IND_FIRM_0182,State_3,Automotive,2021,3.859,21.953,9.42,11.006,0.0061,5.209,0.259
IND_FIRM_0183,State_3,Electronics,2021,3.87,22.755,9.869,9.219,0.0181,4.518,0.364
IND_FIRM_0184,State_4,Automotive,2021,3.544,55.156,7.605,9.244,0.0277,5.503,0.471
IND_FIRM_0185,State_1,Electronics,2021,2.224,42.275,7.675,8.126,0.0439,4.364,0.54
IND_FIRM_0186,State_4,Automotive,2021,4.864,55.156,7.605,9.244,0.0277,5.918,0.421
IND_FIRM_0187,State_3,Chemicals,2021,6.644,8.963,12.577,15.115,0.0005,6.285,0.369
IND_FIRM_0188,State_1,Automotive,2021,4.198,14.456,15.081,18.368,0.0031,5.376,0.464
IND_FIRM_0189,State_4,Automotive,2021,3.045,55.156,7.605,9.244,0.0277,4.687,0.415
IND_FIRM_0190,State_4,Textiles,2021,6.816,15.857,6.472,5.089,0.0018,5.497,0.297
IND_FIRM_0191,State_3,Electronics,2021,6.481,22.755,9.869,9.219,0.0181,6.084,0.427
IND_FIRM_0192,State_1,Automotive,2021,5.005,14.456,15.081,18.368,0.0031,5.885,0.369
IND_FIRM_0193,State_3,Automotive,2021,4.431,21.953,9.42,11.006,0.0061,5.049,0.429
IND_FIRM_0194,State_1,Textiles,2021,6.258,19.823,7.531,5.184,0.0034,5.616,0.413
IND_FIRM_0195,State_5,Textiles,2021,4.629,21.596,8.155,5.415,0.0036,5.147,0.388
IND_FIRM_0196,State_2,Electronics,2021,6.022,14.511,8.39,8.408,0.0059,5.763,0.431
IND_FIRM_0197,State_2,Textiles,2021,4.717,62.582,4.063,2.721,0.0177,5.644,0.388
IND_FIRM_0198,State_2,Chemicals,2021,1.814,13.421,11.047,15.927,0.0034,4.038,0.38
IND_FIRM_0199,State_3,Textiles,2021,4.762,47.731,4.028,3.132,0.0131,4.859,0.445
IND_FIRM_0200,State_5,Chemicals,2021,4.639,27.403,11.201,10.686,0.038,5.537,0.284
IND_FIRM_0201,State_1,Electronics,2021,2.022,42.275,7.675,8.126,0.0439,4.613,0.45
IND_FIRM_0202,State_4,Electronics,2021,3.529,18.946,18.723,16.657,0.0082,5.608,0.364
IND_FIRM_0203,State_1,Electronics,2021,2.482,42.275,7.675,8.126,0.0439,4.801,0.45
IND_FIRM_0204,State_4,Electronics,2021,3.075,18.946,18.723,16.657,0.0082,5.003,0.458
IND_FIRM_0205,State_1,Electronics,2021,5.231,42.275,7.675,8.126,0.0439,5.838,0.387
IND_FIRM_0206,State_5,Chemicals,2021,3.553,27.403,11.201,10.686,0.038,5.253,0.437
IND_FIRM_0207,State_4,Chemicals,2021,4.782,13.836,15.459,13.339,0.0112,5.888,0.434
IND_FIRM_0208,State_3,Electronics,2021,3.166,22.755,9.869,9.219,0.0181,4.281,0.38
IND_FIRM_0209,State_1,Textiles,2021,7.292,19.823,7.531,5.184,0.0034,6.4,0.412
IND_FIRM_0210,State_1,Automotive,2021,3.266,14.456,15.081,18.368,0.0031,4.959,0.454
IND_FIRM_0211,State_4,Electronics,2021,3.51,18.946,18.723,16.657,0.0082,5.6,0.351
IND_FIRM_0212,State_3,Textiles,2021,4.595,47.731,4.028,3.132,0.0131,4.987,0.399
IND_FIRM_0213,State_3,Automotive,2021,5.101,21.953,9.42,11.006,0.0061,5.421,0.394
IND_FIRM_0214,State_5,Electronics,2021,2.657,33.135,9.928,10.28,0.0307,4.632,0.377
IND_FIRM_0215,State_3,Electronics,2021,4.836,22.755,9.869,9.219,0.0181,5.292,0.463
IND_FIRM_0216,State_3,Chemicals,2021,4.451,8.963,12.577,15.115,0.0005,5.093,0.337
IND_FIRM_0217,State_3,Automotive,2021,3.004,21.953,9.42,11.006,0.0061,4.629,0.491
IND_FIRM_0218,State_2,Automotive,2021,6.312,13.061,8.77,10.167,0.0026,5.954,0.392
IND_FIRM_0219,State_5,Textiles,2021,4.898,21.596,8.155,5.415,0.0036,5.26,0.45
IND_FIRM_0220,State_1,Chemicals,2021,4.986,23.471,11.215,10.36,0.0313,5.6,0.399
IND_FIRM_0221,State_4,Chemicals,2021,4.061,13.836,15.459,13.339,0.0112,5.102,0.37
IND_FIRM_0222,State_1,Chemicals,2021,4.201,23.471,11.215,10.36,0.0313,5.172,0.465
IND_FIRM_0223,State_5,Chemicals,2021,6.93,27.403,11.201,10.686,0.038,6.439,0.385
IND_FIRM_0224,State_4,Automotive,2021,3.107,55.156,7.605,9.244,0.0277,5.271,0.29
IND_FIRM_0225,State_5,Automotive,2021,1.731,20.359,13.474,16.501,0.0068,4.529,0.355
IND_FIRM_0226,State_3,Electronics,2021,4.163,22.755,9.869,9.219,0.0181,5.485,0.338
IND_FIRM_0227,State_4,Electronics,2021,4.358,18.946,18.723,16.657,0.0082,5.082,0.378
IND_FIRM_0228,State_3,Chemicals,2021,5.094,8.963,12.577,15.115,0.0005,5.806,0.414
IND_FIRM_0229,State_1,Chemicals,2021,3.476,23.471,11.215,10.36,0.0313,4.825,0.352
IND_FIRM_0230,State_1,Chemicals,2021,5.553,23.471,11.215,10.36,0.0313,5.8,0.415
IND_FIRM_0231,State_4,Electronics,2021,1.692,18.946,18.723,16.657,0.0082,4.444,0.314
IND_FIRM_0232,State_4,Textiles,2021,6.719,15.857,6.472,5.089,0.0018,5.69,0.371
IND_FIRM_0233,State_5,Textiles,2021,3.993,21.596,8.155,5.415,0.0036,4.685,0.409
IND_FIRM_0234,State_5,Electronics,2021,3.783,33.135,9.928,10.28,0.0307,5.36,0.4
IND_FIRM_0235,State_3,Electronics,2021,6.369,22.755,9.869,9.219,0.0181,5.919,0.309
IND_FIRM_0236,State_4,Electronics,2021,3.348,18.946,18.723,16.657,0.0082,5.722,0.423
IND_FIRM_0237,State_1,Electronics,2021,5.112,42.275,7.675,8.126,0.0439,5.727,0.308
IND_FIRM_0238,State_5,Electronics,2021,4.856,33.135,9.928,10.28,0.0307,5.893,0.402
IND_FIRM_0239,State_5,Electronics,2021,5.859,33.135,9.928,10.28,0.0307,6.138,0.39
IND_FIRM_0240,State_1,Chemicals,2021,5.149,23.471,11.215,10.36,0.0313,5.806,0.329
IND_FIRM_0241,State_5,Chemicals,2021,3.438,27.403,11.201,10.686,0.038,5.205,0.381
IND_FIRM_0242,State_3,Chemicals,2021,5.319,8.963,12.577,15.115,0.0005,5.833,0.401
IND_FIRM_0243,State_4,Chemicals,2021,2.626,13.836,15.459,13.339,0.0112,4.767,0.464
IND_FIRM_0244,State_1,Electronics,2021,3.976,42.275,7.675,8.126,0.0439,4.948,0.356
IND_FIRM_0245,State_4,Textiles,2021,6.144,15.857,6.472,5.089,0.0018,5.781,0.376
IND_FIRM_0246,State_5,Automotive,2021,4.316,20.359,13.474,16.501,0.0068,5.277,0.476
IND_FIRM_0247,State_5,Electronics,2021,3.943,33.135,9.928,10.28,0.0307,5.656,0.371
IND_FIRM_0248,State_1,Automotive,2021,3.378,14.456,15.081,18.368,0.0031,5.241,0.358
IND_FIRM_0249,State_3,Textiles,2021,5.572,47.731,4.028,3.132,0.0131,5.828,0.502
IND_FIRM_0250,State_2,Chemicals,2021,4.445,13.421,11.047,15.927,0.0034,5.219,0.404
IND_FIRM_0251,State_1,Textiles,2021,5.272,19.823,7.531,5.184,0.0034,5.123,0.396
IND_FIRM_0252,State_2,Electronics,2021,6.332,14.511,8.39,8.408,0.0059,5.381,0.533
IND_FIRM_0253,State_2,Chemicals,2021,3.039,13.421,11.047,15.927,0.0034,4.643,0.34
IND_FIRM_0254,State_3,Electronics,2021,4.823,22.755,9.869,9.219,0.0181,5.54,0.316
IND_FIRM_0255,State_2,Chemicals,2021,3.85,13.421,11.047,15.927,0.0034,4.613,0.412
IND_FIRM_0256,State_2,Automotive,2021,6.681,13.061,8.77,10.167,0.0026,5.801,0.431
IND_FIRM_0257,State_3,Automotive,2021,3.957,21.953,9.42,11.006,0.0061,4.948,0.392
IND_FIRM_0258,State_2,Automotive,2021,5.684,13.061,8.77,10.167,0.0026,5.266,0.266
IND_FIRM_0259,State_2,Textiles,2021,4.72,62.582,4.063,2.721,0.0177,6.042,0.379
IND_FIRM_0260,State_2,Electronics,2021,3.562,14.511,8.39,8.408,0.0059,4.284,0.457
IND_FIRM_0261,State_1,Textiles,2021,4.744,19.823,7.531,5.184,0.0034,5.15,0.407
IND_FIRM_0262,State_1,Automotive,2021,4.985,14.456,15.081,18.368,0.0031,6.074,0.328
IND_FIRM_0263,State_1,Electronics,2021,5.223,42.275,7.675,8.126,0.0439,5.735,0.43
IND_FIRM_0264,State_3,Automotive,2021,5.087,21.953,9.42,11.006,0.0061,5.176,0.4
IND_FIRM_0265,State_5,Textiles,2021,4.28,21.596,8.155,5.415,0.0036,4.762,0.446
IND_FIRM_0266,State_2,Textiles,2021,4.756,62.582,4.063,2.721,0.0177,5.53,0.377
IND_FIRM_0267,State_2,Textiles,2021,5.273,62.582,4.063,2.721,0.0177,5.529,0.424
IND_FIRM_0268,State_3,Automotive,2021,5.35,21.953,9.42,11.006,0.0061,5.331,0.511
IND_FIRM_0269,State_2,Electronics,2021,6.514,14.511,8.39,8.408,0.0059,5.759,0.362
IND_FIRM_0270,State_1,Electronics,2021,3.247,42.275,7.675,8.126,0.0439,5.304,0.466
IND_FIRM_0271,State_5,Automotive,2021,3.353,20.359,13.474,16.501,0.0068,4.908,0.441
IND_FIRM_0272,State_4,Electronics,2021,0.89,18.946,18.723,16.657,0.0082,4.166,0.448
IND_FIRM_0273,State_2,Automotive,2021,6.042,13.061,8.77,10.167,0.0026,5.496,0.411
IND_FIRM_0274,State_1,Electronics,2021,4.521,42.275,7.675,8.126,0.0439,5.677,0.388
IND_FIRM_0275,State_4,Chemicals,2021,2.808,13.836,15.459,13.339,0.0112,4.408,0.408
IND_FIRM_0276,State_5,Chemicals,2021,2.404,27.403,11.201,10.686,0.038,4.6,0.399
IND_FIRM_0277,State_4,Textiles,2021,4.575,15.857,6.472,5.089,0.0018,4.24,0.389
IND_FIRM_0278,State_1,Chemicals,2021,5.227,23.471,11.215,10.36,0.0313,5.814,0.435
IND_FIRM_0279,State_4,Chemicals,2021,4.334,13.836,15.459,13.339,0.0112,5.095,0.493
IND_FIRM_0280,State_3,Chemicals,2021,3.603,8.963,12.577,15.115,0.0005,4.868,0.382
IND_FIRM_0281,State_4,Automotive,2021,3.611,55.156,7.605,9.244,0.0277,4.888,0.408
IND_FIRM_0282,State_2,Chemicals,2021,2.847,13.421,11.047,15.927,0.0034,5.009,0.362
IND_FIRM_0283,State_2,Chemicals,2021,3.347,13.421,11.047,15.927,0.0034,4.401,0.446
IND_FIRM_0284,State_3,Textiles,2021,3.424,47.731,4.028,3.132,0.0131,4.346,0.377
IND_FIRM_0285,State_1,Chemicals,2021,3.284,23.471,11.215,10.36,0.0313,4.507,0.362
IND_FIRM_0286,State_2,Chemicals,2021,5.692,13.421,11.047,15.927,0.0034,5.676,0.44
IND_FIRM_0287,State_5,Electronics,2021,3.655,33.135,9.928,10.28,0.0307,5.279,0.338
IND_FIRM_0288,State_2,Textiles,2021,2.878,62.582,4.063,2.721,0.0177,4.557,0.438
IND_FIRM_0289,State_2,Textiles,2021,6.34,62.582,4.063,2.721,0.0177,6.151,0.3
IND_FIRM_0290,State_1,Textiles,2021,5.236,19.823,7.531,5.184,0.0034,4.846,0.4
IND_FIRM_0291,State_4,Textiles,2021,6.989,15.857,6.472,5.089,0.0018,6.284,0.342
IND_FIRM_0292,State_2,Textiles,2021,6.009,62.582,4.063,2.721,0.0177,6.444,0.439
IND_FIRM_0293,State_3,Textiles,2021,3.809,47.731,4.028,3.132,0.0131,4.672,0.422
IND_FIRM_0294,State_4,Automotive,2021,2.821,55.156,7.605,9.244,0.0277,5.429,0.454
IND_FIRM_0295,State_5,Chemicals,2021,3.655,27.403,11.201,10.686,0.038,4.673,0.362
IND_FIRM_0296,State_1,Textiles,2021,4.754,19.823,7.531,5.184,0.0034,4.808,0.399
IND_FIRM_0297,State_5,Chemicals,2021,5.309,27.403,11.201,10.686,0.038,5.635,0.424
IND_FIRM_0298,State_4,Chemicals,2021,3.713,13.836,15.459,13.339,0.0112,4.906,0.442
IND_FIRM_0299,State_4,Automotive,2021,2.604,55.156,7.605,9.244,0.0277,5.341,0.304
IND_FIRM_0300,State_4,Textiles,2021,6.135,15.857,6.472,5.089,0.0018,5.022,0.416
IND_FIRM_0301,State_5,Electronics,2021,4.034,33.135,9.928,10.28,0.0307,5.271,0.419
IND_FIRM_0302,State_4,Automotive,2021,2.394,55.156,7.605,9.244,0.0277,5.066,0.469
IND_FIRM_0303,State_5,Electronics,2021,5.197,33.135,9.928,10.28,0.0307,5.843,0.382
IND_FIRM_0304,State_4,Chemicals,2021,5.648,13.836,15.459,13.339,0.0112,5.821,0.41
IND_FIRM_0305,State_3,Chemicals,2021,6.047,8.963,12.577,15.115,0.0005,5.366,0.403
IND_FIRM_0306,State_4,Automotive,2021,3.154,55.156,7.605,9.244,0.0277,5.187,0.376
IND_FIRM_0307,State_5,Automotive,2021,3.576,20.359,13.474,16.501,0.0068,5.07,0.366
IND_FIRM_0308,State_2,Electronics,2021,5.407,14.511,8.39,8.408,0.0059,4.791,0.415
IND_FIRM_0309,State_4,Textiles,2021,8.037,15.857,6.472,5.089,0.0018,6.602,0.33
IND_FIRM_0310,State_2,Electronics,2021,6.645,14.511,8.39,8.408,0.0059,5.887,0.34
IND_FIRM_0311,State_3,Automotive,2021,4.175,21.953,9.42,11.006,0.0061,4.902,0.458
IND_FIRM_0312,State_1,Electronics,2021,4.415,42.275,7.675,8.126,0.0439,5.149,0.314
IND_FIRM_0313,State_3,Automotive,2021,4.552,21.953,9.42,11.006,0.0061,5.026,0.355
IND_FIRM_0314,State_4,Electronics,2021,3.629,18.946,18.723,16.657,0.0082,5.79,0.431
IND_FIRM_0315,State_2,Automotive,2021,5.744,13.061,8.77,10.167,0.0026,6.102,0.445
IND_FIRM_0316,State_2,Automotive,2021,6.556,13.061,8.77,10.167,0.0026,5.559,0.323
IND_FIRM_0317,State_5,Automotive,2021,3.25,20.359,13.474,16.501,0.0068,5.037,0.441
IND_FIRM_0318,State_2,Textiles,2021,3.76,62.582,4.063,2.721,0.0177,5.34,0.453
IND_FIRM_0319,State_5,Electronics,2021,2.602,33.135,9.928,10.28,0.0307,4.492,0.42
IND_FIRM_0320,State_1,Electronics,2021,3.01,42.275,7.675,8.126,0.0439,4.649,0.416
IND_FIRM_0321,State_4,Electronics,2021,4.41,18.946,18.723,16.657,0.0082,5.511,0.504
IND_FIRM_0322,State_5,Automotive,2021,2.915,20.359,13.474,16.501,0.0068,4.988,0.37
IND_FIRM_0323,State_1,Electronics,2021,3.093,42.275,7.675,8.126,0.0439,4.969,0.41
IND_FIRM_0324,State_2,Electronics,2021,5.439,14.511,8.39,8.408,0.0059,5.255,0.297
IND_FIRM_0325,State_2,Automotive,2021,6.509,13.061,8.77,10.167,0.0026,5.567,0.304
IND_FIRM_0326,State_1,Chemicals,2021,3.335,23.471,11.215,10.36,0.0313,4.812,0.4
IND_FIRM_0327,State_2,Automotive,2021,2.113,13.061,8.77,10.167,0.0026,3.331,0.394
IND_FIRM_0328,State_1,Electronics,2021,3.098,42.275,7.675,8.126,0.0439,5.219,0.45
IND_FIRM_0329,State_5,Automotive,2021,5.601,20.359,13.474,16.501,0.0068,5.931,0.37
IND_FIRM_0330,State_5,Chemicals,2021,4.675,27.403,11.201,10.686,0.038,5.627,0.347
IND_FIRM_0331,State_1,Automotive,2021,4.758,14.456,15.081,18.368,0.0031,6.029,0.434
IND_FIRM_0332,State_5,Electronics,2021,2.453,33.135,9.928,10.28,0.0307,4.475,0.375
IND_FIRM_0333,State_5,Chemicals,2021,2.895,27.403,11.201,10.686,0.038,4.568,0.416
IND_FIRM_0334,State_5,Textiles,2021,6.021,21.596,8.155,5.415,0.0036,5.661,0.35
IND_FIRM_0335,State_3,Electronics,2021,4.826,22.755,9.869,9.219,0.0181,5.327,0.363
IND_FIRM_0336,State_4,Chemicals,2021,4.702,13.836,15.459,13.339,0.0112,4.933,0.464
IND_FIRM_0337,State_2,Chemicals,2021,5.775,13.421,11.047,15.927,0.0034,5.738,0.464
IND_FIRM_0338,State_3,Textiles,2021,5.111,47.731,4.028,3.132,0.0131,5.739,0.504
IND_FIRM_0339,State_5,Automotive,2021,4.333,20.359,13.474,16.501,0.0068,5.286,0.415
IND_FIRM_0340,State_1,Automotive,2021,4.86,14.456,15.081,18.368,0.0031,5.637,0.395
IND_FIRM_0341,State_5,Electronics,2021,4.757,33.135,9.928,10.28,0.0307,5.688,0.385
IND_FIRM_0342,State_4,Textiles,2021,7.496,15.857,6.472,5.089,0.0018,5.676,0.302
IND_FIRM_0343,State_5,Automotive,2021,5.58,20.359,13.474,16.501,0.0068,5.686,0.482
IND_FIRM_0344,State_1,Textiles,2021,6.842,19.823,7.531,5.184,0.0034,6.222,0.427
IND_FIRM_0345,State_4,Automotive,2021,2.97,55.156,7.605,9.244,0.0277,5.182,0.457
IND_FIRM_0346,State_5,Chemicals,2021,4.797,27.403,11.201,10.686,0.038,5.747,0.385
IND_FIRM_0347,State_4,Automotive,2021,3.043,55.156,7.605,9.244,0.0277,4.915,0.312
IND_FIRM_0348,State_2,Textiles,2021,3.205,62.582,4.063,2.721,0.0177,4.829,0.376
IND_FIRM_0349,State_2,Chemicals,2021,3.749,13.421,11.047,15.927,0.0034,5.211,0.368
IND_FIRM_0350,State_5,Chemicals,2021,5.425,27.403,11.201,10.686,0.038,5.453,0.433
IND_FIRM_0351,State_4,Chemicals,2021,5.035,13.836,15.459,13.339,0.0112,5.697,0.415
IND_FIRM_0352,State_1,Textiles,2021,6.04,19.823,7.531,5.184,0.0034,5.453,0.251
IND_FIRM_0353,State_5,Electronics,2021,3.842,33.135,9.928,10.28,0.0307,5.095,0.404
IND_FIRM_0354,State_2,Electronics,2021,5.307,14.511,8.39,8.408,0.0059,5.238,0.341
IND_FIRM_0355,State_2,Electronics,2021,5.813,14.511,8.39,8.408,0.0059,5.724,0.424
IND_FIRM_0356,State_5,Textiles,2021,4.201,21.596,8.155,5.415,0.0036,4.788,0.399
IND_FIRM_0357,State_4,Chemicals,2021,4.449,13.836,15.459,13.339,0.0112,5.172,0.391
IND_FIRM_0358,State_2,Electronics,2021,5.951,14.511,8.39,8.408,0.0059,5.345,0.369
IND_FIRM_0359,State_4,Textiles,2021,6.463,15.857,6.472,5.089,0.0018,5.543,0.459
IND_FIRM_0360,State_2,Electronics,2021,4.554,14.511,8.39,8.408,0.0059,4.675,0.403
IND_FIRM_0361,State_2,Automotive,2021,6.997,13.061,8.77,10.167,0.0026,5.897,0.39
IND_FIRM_0362,State_3,Electronics,2021,4.928,22.755,9.869,9.219,0.0181,5.439,0.473
IND_FIRM_0363,State_2,Electronics,2021,5.618,14.511,8.39,8.408,0.0059,5.685,0.484
IND_FIRM_0364,State_1,Chemicals,2021,4.146,23.471,11.215,10.36,0.0313,5.005,0.313
IND_FIRM_0365,State_5,Textiles,2021,5.838,21.596,8.155,5.415,0.0036,5.533,0.422
IND_FIRM_0366,State_5,Chemicals,2021,4.132,27.403,11.201,10.686,0.038,5.392,0.523
IND_FIRM_0367,State_4,Chemicals,2021,5.489,13.836,15.459,13.339,0.0112,6.074,0.368
IND_FIRM_0368,State_2,Chemicals,2021,2.905,13.421,11.047,15.927,0.0034,4.498,0.397
IND_FIRM_0369,State_1,Chemicals,2021,4.159,23.471,11.215,10.36,0.0313,5.658,0.422
IND_FIRM_0370,State_4,Chemicals,2021,5.347,13.836,15.459,13.339,0.0112,5.356,0.287
IND_FIRM_0371,State_3,Electronics,2021,4.74,22.755,9.869,9.219,0.0181,4.98,0.44
IND_FIRM_0372,State_4,Chemicals,2021,4.218,13.836,15.459,13.339,0.0112,5.288,0.375
IND_FIRM_0373,State_4,Chemicals,2021,3.944,13.836,15.459,13.339,0.0112,5.228,0.36
IND_FIRM_0374,State_2,Textiles,2021,3.967,62.582,4.063,2.721,0.0177,5.141,0.39
IND_FIRM_0375,State_3,Automotive,2021,3.368,21.953,9.42,11.006,0.0061,4.405,0.387
IND_FIRM_0376,State_4,Electronics,2021,4.474,18.946,18.723,16.657,0.0082,5.555,0.324
IND_FIRM_0377,State_1,Electronics,2021,3.724,42.275,7.675,8.126,0.0439,4.916,0.431
IND_FIRM_0378,State_1,Electronics,2021,4.616,42.275,7.675,8.126,0.0439,5.465,0.487
IND_FIRM_0379,State_5,Chemicals,2021,4.885,27.403,11.201,10.686,0.038,5.126,0.54
IND_FIRM_0380,State_3,Chemicals,2021,4.238,8.963,12.577,15.115,0.0005,4.985,0.396
IND_FIRM_0381,State_3,Chemicals,2021,5.148,8.963,12.577,15.115,0.0005,5.146,0.356
IND_FIRM_0382,State_5,Textiles,2021,3.804,21.596,8.155,5.415,0.0036,4.424,0.408
IND_FIRM_0383,State_4,Automotive,2021,4.683,55.156,7.605,9.244,0.0277,6.022,0.429
IND_FIRM_0384,State_3,Chemicals,2021,6.03,8.963,12.577,15.115,0.0005,5.566,0.361
IND_FIRM_0385,State_1,Automotive,2021,2.751,14.456,15.081,18.368,0.0031,4.66,0.429
IND_FIRM_0386,State_1,Textiles,2021,5.33,19.823,7.531,5.184,0.0034,5.221,0.401
IND_FIRM_0387,State_2,Electronics,2021,4.366,14.511,8.39,8.408,0.0059,4.94,0.513
IND_FIRM_0388,State_3,Chemicals,2021,4.281,8.963,12.577,15.115,0.0005,5.145,0.396
IND_FIRM_0389,State_4,Automotive,2021,4.302,55.156,7.605,9.244,0.0277,5.697,0.44
IND_FIRM_0390,State_5,Automotive,2021,4.294,20.359,13.474,16.501,0.0068,5.839,0.406
IND_FIRM_0391,State_5,Chemicals,2021,5.427,27.403,11.201,10.686,0.038,5.906,0.433
IND_FIRM_0392,State_4,Electronics,2021,4.863,18.946,18.723,16.657,0.0082,5.969,0.406
IND_FIRM_0393,State_2,Electronics,2021,4.491,14.511,8.39,8.408,0.0059,4.961,0.382
IND_FIRM_0394,State_5,Electronics,2021,3.238,33.135,9.928,10.28,0.0307,4.896,0.445
IND_FIRM_0395,State_3,Textiles,2021,4.858,47.731,4.028,3.132,0.0131,5.292,0.394
IND_FIRM_0396,State_2,Automotive,2021,6.507,13.061,8.77,10.167,0.0026,5.711,0.415
IND_FIRM_0397,State_3,Automotive,2021,3.857,21.953,9.42,11.006,0.0061,4.405,0.306
IND_FIRM_0398,State_1,Automotive,2021,5.35,14.456,15.081,18.368,0.0031,6.348,0.32
IND_FIRM_0399,State_2,Textiles,2021,5.354,62.582,4.063,2.721,0.0177,5.773,0.305
IND_FIRM_0400,State_5,Automotive,2021,3.552,20.359,13.474,16.501,0.0068,5.15,0.419
IND_FIRM_0401,State_2,Textiles,2021,3.298,62.582,4.063,2.721,0.0177,4.459,0.44
IND_FIRM_0402,State_2,Electronics,2021,4.609,14.511,8.39,8.408,0.0059,4.751,0.316
IND_FIRM_0403,State_2,Chemicals,2021,5.163,13.421,11.047,15.927,0.0034,5.5,0.404
IND_FIRM_0404,State_2,Automotive,2021,5.522,13.061,8.77,10.167,0.0026,5.27,0.389
IND_FIRM_0405,State_3,Automotive,2021,5.075,21.953,9.42,11.006,0.0061,6.004,0.344
IND_FIRM_0406,State_1,Electronics,2021,4.185,42.275,7.675,8.126,0.0439,5.195,0.429
IND_FIRM_0407,State_4,Chemicals,2021,4.756,13.836,15.459,13.339,0.0112,5.586,0.402
IND_FIRM_0408,State_2,Textiles,2021,3.847,62.582,4.063,2.721,0.0177,5.536,0.45
IND_FIRM_0409,State_5,Chemicals,2021,4.347,27.403,11.201,10.686,0.038,5.761,0.428
IND_FIRM_0410,State_2,Electronics,2021,5.387,14.511,8.39,8.408,0.0059,5.079,0.355
IND_FIRM_0411,State_5,Electronics,2021,5.208,33.135,9.928,10.28,0.0307,5.43,0.3
IND_FIRM_0412,State_3,Chemicals,2021,5.677,8.963,12.577,15.115,0.0005,5.464,0.345
IND_FIRM_0413,State_5,Textiles,2021,6.524,21.596,8.155,5.415,0.0036,5.431,0.363
IND_FIRM_0414,State_4,Textiles,2021,6.766,15.857,6.472,5.089,0.0018,5.531,0.504
IND_FIRM_0415,State_1,Automotive,2021,2.975,14.456,15.081,18.368,0.0031,4.509,0.475
IND_FIRM_0416,State_5,Textiles,2021,5.82,21.596,8.155,5.415,0.0036,5.532,0.404
IND_FIRM_0417,State_5,Chemicals,2021,5.351,27.403,11.201,10.686,0.038,5.691,0.446
IND_FIRM_0418,State_1,Electronics,2021,4.7,42.275,7.675,8.126,0.0439,5.396,0.467
IND_FIRM_0419,State_4,Automotive,2021,2.369,55.156,7.605,9.244,0.0277,4.77,0.32
IND_FIRM_0420,State_2,Automotive,2021,5.389,13.061,8.77,10.167,0.0026,5.347,0.41
IND_FIRM_0421,State_5,Electronics,2021,5.273,33.135,9.928,10.28,0.0307,5.495,0.428
IND_FIRM_0422,State_1,Textiles,2021,5.357,19.823,7.531,5.184,0.0034,4.675,0.465
IND_FIRM_0423,State_3,Electronics,2021,4.154,22.755,9.869,9.219,0.0181,4.541,0.389
IND_FIRM_0424,State_1,Textiles,2021,5.226,19.823,7.531,5.184,0.0034,5.289,0.365
IND_FIRM_0425,State_3,Electronics,2021,3.462,22.755,9.869,9.219,0.0181,5.231,0.32
IND_FIRM_0426,State_4,Chemicals,2021,4.399,13.836,15.459,13.339,0.0112,5.302,0.407
IND_FIRM_0427,State_2,Textiles,2021,2.224,62.582,4.063,2.721,0.0177,4.698,0.453
IND_FIRM_0428,State_1,Chemicals,2021,4.585,23.471,11.215,10.36,0.0313,5.427,0.488
IND_FIRM_0429,State_5,Automotive,2021,3.173,20.359,13.474,16.501,0.0068,5.266,0.366
IND_FIRM_0430,State_4,Electronics,2021,4.583,18.946,18.723,16.657,0.0082,6.14,0.366
IND_FIRM_0431,State_1,Automotive,2021,3.746,14.456,15.081,18.368,0.0031,4.984,0.426
IND_FIRM_0432,State_5,Automotive,2021,3.888,20.359,13.474,16.501,0.0068,5.917,0.444
IND_FIRM_0433,State_1,Automotive,2021,4.025,14.456,15.081,18.368,0.0031,5.027,0.361
IND_FIRM_0434,State_3,Automotive,2021,4.118,21.953,9.42,11.006,0.0061,4.697,0.384
IND_FIRM_0435,State_1,Electronics,2021,7.128,42.275,7.675,8.126,0.0439,6.277,0.329
IND_FIRM_0436,State_1,Automotive,2021,3.774,14.456,15.081,18.368,0.0031,5.162,0.417
IND_FIRM_0437,State_1,Electronics,2021,5.398,42.275,7.675,8.126,0.0439,5.977,0.384
IND_FIRM_0438,State_4,Electronics,2021,1.855,18.946,18.723,16.657,0.0082,4.929,0.313
IND_FIRM_0439,State_1,Chemicals,2021,5.039,23.471,11.215,10.36,0.0313,5.548,0.452
IND_FIRM_0440,State_5,Textiles,2021,5.647,21.596,8.155,5.415,0.0036,5.566,0.35
IND_FIRM_0441,State_3,Textiles,2021,4.302,47.731,4.028,3.132,0.0131,5.53,0.409
IND_FIRM_0442,State_3,Electronics,2021,4.412,22.755,9.869,9.219,0.0181,4.867,0.295
IND_FIRM_0443,State_1,Chemicals,2021,4.887,23.471,11.215,10.36,0.0313,5.28,0.313
IND_FIRM_0444,State_4,Electronics,2021,2.884,18.946,18.723,16.657,0.0082,5.174,0.357
IND_FIRM_0445,State_4,Electronics,2021,5.299,18.946,18.723,16.657,0.0082,6.545,0.328
IND_FIRM_0446,State_5,Electronics,2021,4.047,33.135,9.928,10.28,0.0307,4.66,0.444
IND_FIRM_0447,State_1,Chemicals,2021,5.557,23.471,11.215,10.36,0.0313,5.144,0.372
IND_FIRM_0448,State_3,Textiles,2021,6.752,47.731,4.028,3.132,0.0131,5.898,0.423
IND_FIRM_0449,State_4,Chemicals,2021,2.767,13.836,15.459,13.339,0.0112,4.712,0.42
IND_FIRM_0450,State_1,Automotive,2021,3.855,14.456,15.081,18.368,0.0031,5.376,0.369
IND_FIRM_0451,State_4,Chemicals,2021,3.305,13.836,15.459,13.339,0.0112,5.086,0.327
IND_FIRM_0452,State_4,Chemicals,2021,4.422,13.836,15.459,13.339,0.0112,5.202,0.382
IND_FIRM_0453,State_3,Chemicals,2021,4.813,8.963,12.577,15.115,0.0005,5.469,0.418
IND_FIRM_0454,State_2,Chemicals,2021,3.987,13.421,11.047,15.927,0.0034,5.22,0.425
IND_FIRM_0455,State_5,Textiles,2021,5.706,21.596,8.155,5.415,0.0036,5.131,0.382
IND_FIRM_0456,State_5,Automotive,2021,3.279,20.359,13.474,16.501,0.0068,4.916,0.362
IND_FIRM_0457,State_3,Textiles,2021,5.851,47.731,4.028,3.132,0.0131,6.121,0.391
IND_FIRM_0458,State_4,Textiles,2021,6.26,15.857,6.472,5.089,0.0018,5.545,0.317
IND_FIRM_0459,State_1,Chemicals,2021,4.574,23.471,11.215,10.36,0.0313,4.829,0.454
IND_FIRM_0460,State_4,Electronics,2021,2.83,18.946,18.723,16.657,0.0082,5.052,0.393
IND_FIRM_0461,State_3,Electronics,2021,4.88,22.755,9.869,9.219,0.0181,5.696,0.43
IND_FIRM_0462,State_5,Textiles,2021,4.501,21.596,8.155,5.415,0.0036,4.678,0.467
IND_FIRM_0463,State_4,Textiles,2021,7.606,15.857,6.472,5.089,0.0018,6.41,0.382
IND_FIRM_0464,State_5,Chemicals,2021,4.783,27.403,11.201,10.686,0.038,5.223,0.43
IND_FIRM_0465,State_1,Textiles,2021,6.82,19.823,7.531,5.184,0.0034,5.308,0.389
IND_FIRM_0466,State_5,Chemicals,2021,4.86,27.403,11.201,10.686,0.038,5.604,0.349
IND_FIRM_0467,State_5,Electronics,2021,3.656,33.135,9.928,10.28,0.0307,5.279,0.372
IND_FIRM_0468,State_2,Electronics,2021,6.946,14.511,8.39,8.408,0.0059,6.099,0.424
IND_FIRM_0469,State_2,Automotive,2021,5.3,13.061,8.77,10.167,0.0026,5.08,0.387
IND_FIRM_0470,State_2,Electronics,2021,6.485,14.511,8.39,8.408,0.0059,6.041,0.394
IND_FIRM_0471,State_5,Textiles,2021,5.99,21.596,8.155,5.415,0.0036,5.063,0.429
IND_FIRM_0472,State_3,Electronics,2021,6.006,22.755,9.869,9.219,0.0181,5.8,0.244
IND_FIRM_0473,State_5,Chemicals,2021,4.675,27.403,11.201,10.686,0.038,5.457,0.409
IND_FIRM_0474,State_3,Electronics,2021,7.003,22.755,9.869,9.219,0.0181,6.425,0.396
IND_FIRM_0475,State_3,Automotive,2021,4.128,21.953,9.42,11.006,0.0061,5.234,0.384
IND_FIRM_0476,State_2,Electronics,2021,5.799,14.511,8.39,8.408,0.0059,5.445,0.361
IND_FIRM_0477,State_4,Chemicals,2021,3.085,13.836,15.459,13.339,0.0112,4.578,0.446
IND_FIRM_0478,State_1,Chemicals,2021,4.112,23.471,11.215,10.36,0.0313,5.118,0.358
IND_FIRM_0479,State_2,Textiles,2021,4.885,62.582,4.063,2.721,0.0177,5.682,0.449
IND_FIRM_0480,State_2,Electronics,2021,6.16,14.511,8.39,8.408,0.0059,5.625,0.425
IND_FIRM_0481,State_4,Chemicals,2021,6.68,13.836,15.459,13.339,0.0112,7.068,0.356
IND_FIRM_0482,State_1,Automotive,2021,3.9,14.456,15.081,18.368,0.0031,5.116,0.324
IND_FIRM_0483,State_5,Textiles,2021,4.947,21.596,8.155,5.415,0.0036,4.703,0.406
IND_FIRM_0484,State_5,Automotive,2021,4.269,20.359,13.474,16.501,0.0068,5.745,0.422
IND_FIRM_0485,State_2,Electronics,2021,3.841,14.511,8.39,8.408,0.0059,4.645,0.357
IND_FIRM_0486,State_1,Electronics,2021,4.7,42.275,7.675,8.126,0.0439,5.795,0.412
IND_FIRM_0487,State_2,Electronics,2021,4.996,14.511,8.39,8.408,0.0059,4.765,0.487
IND_FIRM_0488,State_3,Textiles,2021,4.833,47.731,4.028,3.132,0.0131,5.493,0.446
IND_FIRM_0489,State_2,Chemicals,2021,5.519,13.421,11.047,15.927,0.0034,5.757,0.416
IND_FIRM_0490,State_2,Textiles,2021,4.348,62.582,4.063,2.721,0.0177,5.189,0.354
IND_FIRM_0491,State_5,Automotive,2021,5.317,20.359,13.474,16.501,0.0068,5.933,0.452
IND_FIRM_0492,State_5,Textiles,2021,6.241,21.596,8.155,5.415,0.0036,5.176,0.349
IND_FIRM_0493,State_5,Automotive,2021,1.314,20.359,13.474,16.501,0.0068,4.382,0.436
IND_FIRM_0494,State_3,Textiles,2021,4.182,47.731,4.028,3.132,0.0131,5.041,0.489
IND_FIRM_0495,State_5,Chemicals,2021,2.992,27.403,11.201,10.686,0.038,4.492,0.417
IND_FIRM_0496,State_1,Automotive,2021,6.194,14.456,15.081,18.368,0.0031,6.415,0.378
IND_FIRM_0497,State_4,Electronics,2021,3.379,18.946,18.723,16.657,0.0082,5.058,0.413
IND_FIRM_0498,State_1,Electronics,2021,6.153,42.275,7.675,8.126,0.0439,6.021,0.386
IND_FIRM_0499,State_1,Textiles,2021,3.885,19.823,7.531,5.184,0.0034,4.566,0.361
IND_FIRM_0500,State_5,Electronics,2021,3.864,33.135,9.928,10.28,0.0307,5.005,0.404
IND_FIRM_0001,State_2,Textiles,2022,2.85,66.052,3.8,2.656,0.0335,4.992,0.383
IND_FIRM_0002,State_2,Textiles,2022,3.691,66.052,3.8,2.656,0.0335,5.401,0.446
IND_FIRM_0003,State_4,Electronics,2022,5.405,17.886,20.256,18.039,0.0045,6.741,0.395
IND_FIRM_0004,State_2,Textiles,2022,1.738,66.052,3.8,2.656,0.0335,4.739,0.372
IND_FIRM_0005,State_2,Chemicals,2022,4.389,11.447,11.83,16.924,0.002,5.257,0.439
IND_FIRM_0006,State_4,Chemicals,2022,3.239,15.505,16.152,13.764,0.0066,5.127,0.531
IND_FIRM_0007,State_4,Automotive,2022,2.478,59.853,7.547,9.216,0.0912,5.047,0.465
IND_FIRM_0008,State_1,Textiles,2022,6.039,21.731,8.446,5.731,0.0064,5.725,0.353
IND_FIRM_0009,State_5,Electronics,2022,4.867,35.765,10.349,10.763,0.0168,5.854,0.453
IND_FIRM_0010,State_5,Chemicals,2022,4.628,29.297,11.795,11.181,0.0223,5.893,0.399
IND_FIRM_0011,State_2,Chemicals,2022,3.617,11.447,11.83,16.924,0.002,5.163,0.44
IND_FIRM_0012,State_5,Electronics,2022,5.822,35.765,10.349,10.763,0.0168,6.719,0.455
IND_FIRM_0013,State_2,Electronics,2022,3.174,16.382,8.598,8.479,0.0032,4.375,0.344
IND_FIRM_0014,State_1,Chemicals,2022,3.758,27.154,12.019,11.177,0.0184,4.772,0.383
IND_FIRM_0015,State_4,Chemicals,2022,3.577,15.505,16.152,13.764,0.0066,5.346,0.397
IND_FIRM_0016,State_4,Electronics,2022,3.246,17.886,20.256,18.039,0.0045,5.186,0.436
IND_FIRM_0017,State_4,Chemicals,2022,4.708,15.505,16.152,13.764,0.0066,5.617,0.427
IND_FIRM_0018,State_5,Automotive,2022,4.402,21.02,14.449,17.702,0.0223,5.994,0.395
IND_FIRM_0019,State_1,Automotive,2022,2.982,16.006,16.235,19.807,0.0102,5.436,0.398
IND_FIRM_0020,State_5,Electronics,2022,4.17,35.765,10.349,10.763,0.0168,5.527,0.375
IND_FIRM_0021,State_5,Textiles,2022,4.164,22.259,8.699,5.769,0.0069,4.957,0.378
IND_FIRM_0022,State_1,Electronics,2022,4.401,44.301,8.604,9.161,0.024,5.548,0.371
IND_FIRM_0023,State_1,Electronics,2022,3.735,44.301,8.604,9.161,0.024,5.592,0.491
IND_FIRM_0024,State_1,Textiles,2022,4.518,21.731,8.446,5.731,0.0064,5.128,0.406
IND_FIRM_0025,State_1,Textiles,2022,5.556,21.731,8.446,5.731,0.0064,5.539,0.353
IND_FIRM_0026,State_4,Textiles,2022,5.924,14.988,6.988,5.438,0.0034,6.091,0.447
IND_FIRM_0027,State_3,Automotive,2022,2.718,20.67,10.359,12.154,0.0201,4.094,0.354
IND_FIRM_0028,State_3,Chemicals,2022,4.285,10.96,12.836,15.516,0.0003,5.598,0.332
IND_FIRM_0029,State_1,Automotive,2022,3.357,16.006,16.235,19.807,0.0102,5.17,0.337
IND_FIRM_0030,State_3,Chemicals,2022,5.536,10.96,12.836,15.516,0.0003,6.262,0.418
IND_FIRM_0031,State_3,Automotive,2022,3.936,20.67,10.359,12.154,0.0201,5.19,0.324
IND_FIRM_0032,State_1,Chemicals,2022,5.328,27.154,12.019,11.177,0.0184,5.994,0.365
IND_FIRM_0033,State_3,Automotive,2022,3.548,20.67,10.359,12.154,0.0201,5.288,0.4
IND_FIRM_0034,State_5,Textiles,2022,2.983,22.259,8.699,5.769,0.0069,4.63,0.413
IND_FIRM_0035,State_2,Electronics,2022,6.722,16.382,8.598,8.479,0.0032,5.594,0.502
IND_FIRM_0036,State_2,Automotive,2022,4.542,13.837,9.115,10.507,0.0087,4.953,0.344
IND_FIRM_0037,State_1,Chemicals,2022,2.51,27.154,12.019,11.177,0.0184,4.389,0.393
IND_FIRM_0038,State_4,Textiles,2022,5.4,14.988,6.988,5.438,0.0034,5.138,0.315
IND_FIRM_0039,State_1,Automotive,2022,3.005,16.006,16.235,19.807,0.0102,5.183,0.372
IND_FIRM_0040,State_4,Automotive,2022,4.478,59.853,7.547,9.216,0.0912,5.955,0.388
IND_FIRM_0041,State_2,Textiles,2022,4.629,66.052,3.8,2.656,0.0335,5.69,0.502
IND_FIRM_0042,State_1,Automotive,2022,3.705,16.006,16.235,19.807,0.0102,5.253,0.342
IND_FIRM_0043,State_5,Electronics,2022,2.743,35.765,10.349,10.763,0.0168,5.08,0.433
IND_FIRM_0044,State_3,Automotive,2022,4.996,20.67,10.359,12.154,0.0201,5.582,0.357
IND_FIRM_0045,State_4,Electronics,2022,3.108,17.886,20.256,18.039,0.0045,5.668,0.409
IND_FIRM_0046,State_3,Electronics,2022,5.309,24.938,9.778,9.292,0.0099,5.761,0.472
IND_FIRM_0047,State_3,Textiles,2022,3.24,49.61,4.472,3.376,0.0248,5.198,0.372
IND_FIRM_0048,State_1,Automotive,2022,3.067,16.006,16.235,19.807,0.0102,5.209,0.394
IND_FIRM_0049,State_3,Textiles,2022,4.374,49.61,4.472,3.376,0.0248,5.879,0.405
IND_FIRM_0050,State_5,Automotive,2022,4.721,21.02,14.449,17.702,0.0223,6.018,0.477
IND_FIRM_0051,State_3,Automotive,2022,5.187,20.67,10.359,12.154,0.0201,5.824,0.372
IND_FIRM_0052,State_1,Chemicals,2022,3.634,27.154,12.019,11.177,0.0184,5.77,0.357
IND_FIRM_0053,State_5,Automotive,2022,2.691,21.02,14.449,17.702,0.0223,5.081,0.37
IND_FIRM_0054,State_2,Textiles,2022,4.373,66.052,3.8,2.656,0.0335,5.939,0.369
IND_FIRM_0055,State_3,Electronics,2022,3.774,24.938,9.778,9.292,0.0099,4.326,0.366
IND_FIRM_0056,State_1,Automotive,2022,2.491,16.006,16.235,19.807,0.0102,5.059,0.405
IND_FIRM_0057,State_2,Chemicals,2022,5.757,11.447,11.83,16.924,0.002,6.149,0.377
IND_FIRM_0058,State_2,Textiles,2022,3.927,66.052,3.8,2.656,0.0335,5.445,0.414
IND_FIRM_0059,State_4,Automotive,2022,2.329,59.853,7.547,9.216,0.0912,5.333,0.368
IND_FIRM_0060,State_5,Textiles,2022,5.732,22.259,8.699,5.769,0.0069,5.636,0.39
IND_FIRM_0061,State_3,Chemicals,2022,5.45,10.96,12.836,15.516,0.0003,5.942,0.446
IND_FIRM_0062,State_1,Chemicals,2022,3.104,27.154,12.019,11.177,0.0184,5.354,0.43
IND_FIRM_0063,State_4,Textiles,2022,5.585,14.988,6.988,5.438,0.0034,5.189,0.436
IND_FIRM_0064,State_5,Automotive,2022,3.131,21.02,14.449,17.702,0.0223,5.167,0.327
IND_FIRM_0065,State_4,Electronics,2022,4.013,17.886,20.256,18.039,0.0045,5.828,0.388
IND_FIRM_0066,State_5,Chemicals,2022,4.912,29.297,11.795,11.181,0.0223,5.689,0.318
IND_FIRM_0067,State_5,Automotive,2022,4.84,21.02,14.449,17.702,0.0223,6.061,0.445
IND_FIRM_0068,State_3,Automotive,2022,5.703,20.67,10.359,12.154,0.0201,5.766,0.378
IND_FIRM_0069,State_5,Electronics,2022,2.134,35.765,10.349,10.763,0.0168,4.536,0.356
IND_FIRM_0070,State_4,Chemicals,2022,4.118,15.505,16.152,13.764,0.0066,5.644,0.353
IND_FIRM_0071,State_5,Chemicals,2022,2.874,29.297,11.795,11.181,0.0223,5.092,0.338
IND_FIRM_0072,State_3,Automotive,2022,3.857,20.67,10.359,12.154,0.0201,5.176,0.476
IND_FIRM_0073,State_3,Automotive,2022,4.826,20.67,10.359,12.154,0.0201,5.456,0.452
IND_FIRM_0074,State_4,Electronics,2022,3.78,17.886,20.256,18.039,0.0045,5.737,0.432
IND_FIRM_0075,State_2,Electronics,2022,4.239,16.382,8.598,8.479,0.0032,4.883,0.412
IND_FIRM_0076,State_2,Chemicals,2022,1.797,11.447,11.83,16.924,0.002,4.459,0.41
IND_FIRM_0077,State_5,Textiles,2022,5.38,22.259,8.699,5.769,0.0069,5.156,0.504
IND_FIRM_0078,State_1,Chemicals,2022,6.064,27.154,12.019,11.177,0.0184,6.961,0.363
IND_FIRM_0079,State_5,Automotive,2022,3.489,21.02,14.449,17.702,0.0223,4.984,0.424
IND_FIRM_0080,State_4,Chemicals,2022,4.306,15.505,16.152,13.764,0.0066,5.528,0.34
IND_FIRM_0081,State_4,Textiles,2022,7.485,14.988,6.988,5.438,0.0034,6.635,0.392
IND_FIRM_0082,State_4,Electronics,2022,3.244,17.886,20.256,18.039,0.0045,5.595,0.36
IND_FIRM_0083,State_4,Textiles,2022,5.671,14.988,6.988,5.438,0.0034,5.669,0.453
IND_FIRM_0084,State_4,Textiles,2022,6.339,14.988,6.988,5.438,0.0034,5.416,0.405
IND_FIRM_0085,State_3,Textiles,2022,4.778,49.61,4.472,3.376,0.0248,5.598,0.474
IND_FIRM_0086,State_2,Electronics,2022,4.178,16.382,8.598,8.479,0.0032,4.461,0.367
IND_FIRM_0087,State_4,Textiles,2022,3.682,14.988,6.988,5.438,0.0034,4.507,0.383
IND_FIRM_0088,State_1,Textiles,2022,7.164,21.731,8.446,5.731,0.0064,6.302,0.411
IND_FIRM_0089,State_1,Textiles,2022,5.275,21.731,8.446,5.731,0.0064,5.582,0.469
IND_FIRM_0090,State_1,Automotive,2022,3.433,16.006,16.235,19.807,0.0102,5.624,0.323
IND_FIRM_0091,State_1,Textiles,2022,5.705,21.731,8.446,5.731,0.0064,5.013,0.439
IND_FIRM_0092,State_3,Electronics,2022,5.114,24.938,9.778,9.292,0.0099,5.861,0.447
IND_FIRM_0093,State_1,Textiles,2022,7.475,21.731,8.446,5.731,0.0064,6.744,0.424
IND_FIRM_0094,State_4,Textiles,2022,6.567,14.988,6.988,5.438,0.0034,5.533,0.438
IND_FIRM_0095,State_5,Electronics,2022,3.47,35.765,10.349,10.763,0.0168,4.981,0.318
IND_FIRM_0096,State_1,Textiles,2022,5.0,21.731,8.446,5.731,0.0064,5.142,0.446
IND_FIRM_0097,State_3,Electronics,2022,5.357,24.938,9.778,9.292,0.0099,6.053,0.43
IND_FIRM_0098,State_3,Textiles,2022,4.092,49.61,4.472,3.376,0.0248,5.557,0.338
IND_FIRM_0099,State_1,Electronics,2022,4.645,44.301,8.604,9.161,0.024,6.282,0.361
IND_FIRM_0100,State_5,Textiles,2022,2.336,22.259,8.699,5.769,0.0069,4.484,0.355
IND_FIRM_0101,State_1,Textiles,2022,4.853,21.731,8.446,5.731,0.0064,5.347,0.445
IND_FIRM_0102,State_3,Automotive,2022,5.168,20.67,10.359,12.154,0.0201,5.693,0.336
IND_FIRM_0103,State_2,Automotive,2022,6.333,13.837,9.115,10.507,0.0087,5.946,0.32
IND_FIRM_0104,State_4,Textiles,2022,4.677,14.988,6.988,5.438,0.0034,5.177,0.473
IND_FIRM_0105,State_3,Textiles,2022,2.667,49.61,4.472,3.376,0.0248,4.574,0.346
IND_FIRM_0106,State_1,Chemicals,2022,4.505,27.154,12.019,11.177,0.0184,5.131,0.348
IND_FIRM_0107,State_4,Electronics,2022,2.053,17.886,20.256,18.039,0.0045,4.904,0.489
IND_FIRM_0108,State_1,Chemicals,2022,3.233,27.154,12.019,11.177,0.0184,5.293,0.39
IND_FIRM_0109,State_1,Automotive,2022,4.045,16.006,16.235,19.807,0.0102,5.335,0.369
IND_FIRM_0110,State_2,Automotive,2022,4.065,13.837,9.115,10.507,0.0087,4.595,0.394
IND_FIRM_0111,State_4,Automotive,2022,4.335,59.853,7.547,9.216,0.0912,5.846,0.531
IND_FIRM_0112,State_4,Automotive,2022,2.782,59.853,7.547,9.216,0.0912,4.983,0.46
IND_FIRM_0113,State_2,Textiles,2022,4.947,66.052,3.8,2.656,0.0335,5.84,0.373
IND_FIRM_0114,State_3,Automotive,2022,2.772,20.67,10.359,12.154,0.0201,4.401,0.403
IND_FIRM_0115,State_1,Textiles,2022,4.151,21.731,8.446,5.731,0.0064,5.009,0.315
IND_FIRM_0116,State_5,Textiles,2022,5.639,22.259,8.699,5.769,0.0069,5.568,0.257
IND_FIRM_0117,State_1,Automotive,2022,2.559,16.006,16.235,19.807,0.0102,4.891,0.382
IND_FIRM_0118,State_1,Automotive,2022,3.404,16.006,16.235,19.807,0.0102,4.898,0.406
IND_FIRM_0119,State_3,Electronics,2022,4.304,24.938,9.778,9.292,0.0099,5.547,0.328
IND_FIRM_0120,State_1,Chemicals,2022,3.701,27.154,12.019,11.177,0.0184,5.42,0.434
IND_FIRM_0121,State_2,Automotive,2022,4.306,13.837,9.115,10.507,0.0087,5.067,0.402
IND_FIRM_0122,State_2,Electronics,2022,5.634,16.382,8.598,8.479,0.0032,5.759,0.415
IND_FIRM_0123,State_4,Electronics,2022,2.158,17.886,20.256,18.039,0.0045,5.279,0.506
IND_FIRM_0124,State_5,Chemicals,2022,4.67,29.297,11.795,11.181,0.0223,5.775,0.401
IND_FIRM_0125,State_1,Textiles,2022,4.932,21.731,8.446,5.731,0.0064,5.6,0.316
IND_FIRM_0126,State_1,Automotive,2022,3.737,16.006,16.235,19.807,0.0102,5.768,0.357
IND_FIRM_0127,State_3,Chemicals,2022,7.481,10.96,12.836,15.516,0.0003,6.631,0.295
IND_FIRM_0128,State_2,Automotive,2022,3.519,13.837,9.115,10.507,0.0087,4.998,0.421
IND_FIRM_0129,State_5,Electronics,2022,5.058,35.765,10.349,10.763,0.0168,6.088,0.384
IND_FIRM_0130,State_4,Electronics,2022,0.288,17.886,20.256,18.039,0.0045,3.735,0.391
IND_FIRM_0131,State_2,Textiles,2022,1.944,66.052,3.8,2.656,0.0335,4.195,0.41
IND_FIRM_0132,State_4,Electronics,2022,1.731,17.886,20.256,18.039,0.0045,4.429,0.456
IND_FIRM_0133,State_3,Electronics,2022,3.54,24.938,9.778,9.292,0.0099,4.819,0.318
IND_FIRM_0134,State_3,Chemicals,2022,5.136,10.96,12.836,15.516,0.0003,5.279,0.475
IND_FIRM_0135,State_1,Automotive,2022,3.484,16.006,16.235,19.807,0.0102,5.466,0.342
IND_FIRM_0136,State_5,Automotive,2022,3.369,21.02,14.449,17.702,0.0223,5.008,0.419
IND_FIRM_0137,State_4,Chemicals,2022,4.027,15.505,16.152,13.764,0.0066,5.416,0.345
IND_FIRM_0138,State_2,Textiles,2022,4.344,66.052,3.8,2.656,0.0335,5.956,0.399
IND_FIRM_0139,State_3,Automotive,2022,5.069,20.67,10.359,12.154,0.0201,5.586,0.34
IND_FIRM_0140,State_1,Electronics,2022,2.949,44.301,8.604,9.161,0.024,4.656,0.414
IND_FIRM_0141,State_1,Automotive,2022,2.761,16.006,16.235,19.807,0.0102,5.132,0.437
IND_FIRM_0142,State_4,Electronics,2022,2.328,17.886,20.256,18.039,0.0045,5.484,0.377
IND_FIRM_0143,State_3,Textiles,2022,4.941,49.61,4.472,3.376,0.0248,5.947,0.385
IND_FIRM_0144,State_5,Chemicals,2022,2.897,29.297,11.795,11.181,0.0223,5.04,0.385
IND_FIRM_0145,State_3,Automotive,2022,4.315,20.67,10.359,12.154,0.0201,5.087,0.358
IND_FIRM_0146,State_4,Chemicals,2022,3.277,15.505,16.152,13.764,0.0066,5.511,0.371
IND_FIRM_0147,State_4,Automotive,2022,2.939,59.853,7.547,9.216,0.0912,4.989,0.434
IND_FIRM_0148,State_3,Electronics,2022,4.641,24.938,9.778,9.292,0.0099,4.432,0.364
IND_FIRM_0149,State_4,Chemicals,2022,3.856,15.505,16.152,13.764,0.0066,5.563,0.404
IND_FIRM_0150,State_3,Automotive,2022,4.111,20.67,10.359,12.154,0.0201,5.369,0.432
IND_FIRM_0151,State_2,Electronics,2022,5.736,16.382,8.598,8.479,0.0032,5.891,0.317
IND_FIRM_0152,State_3,Chemicals,2022,2.973,10.96,12.836,15.516,0.0003,5.025,0.359
IND_FIRM_0153,State_3,Chemicals,2022,3.883,10.96,12.836,15.516,0.0003,5.171,0.393
IND_FIRM_0154,State_4,Automotive,2022,3.161,59.853,7.547,9.216,0.0912,5.319,0.412
IND_FIRM_0155,State_4,Automotive,2022,3.642,59.853,7.547,9.216,0.0912,6.202,0.37
IND_FIRM_0156,State_1,Automotive,2022,2.78,16.006,16.235,19.807,0.0102,4.622,0.429
IND_FIRM_0157,State_1,Electronics,2022,3.836,44.301,8.604,9.161,0.024,5.513,0.415
IND_FIRM_0158,State_2,Automotive,2022,5.014,13.837,9.115,10.507,0.0087,5.659,0.364
IND_FIRM_0159,State_1,Chemicals,2022,5.828,27.154,12.019,11.177,0.0184,6.134,0.392
IND_FIRM_0160,State_3,Chemicals,2022,3.298,10.96,12.836,15.516,0.0003,5.043,0.381
IND_FIRM_0161,State_4,Automotive,2022,2.594,59.853,7.547,9.216,0.0912,4.987,0.367
IND_FIRM_0162,State_1,Automotive,2022,1.745,16.006,16.235,19.807,0.0102,4.764,0.348
IND_FIRM_0163,State_1,Textiles,2022,3.658,21.731,8.446,5.731,0.0064,4.41,0.358
IND_FIRM_0164,State_2,Chemicals,2022,5.812,11.447,11.83,16.924,0.002,6.595,0.442
IND_FIRM_0165,State_2,Electronics,2022,4.058,16.382,8.598,8.479,0.0032,5.024,0.331
IND_FIRM_0166,State_3,Textiles,2022,3.238,49.61,4.472,3.376,0.0248,4.709,0.349
IND_FIRM_0167,State_4,Automotive,2022,4.471,59.853,7.547,9.216,0.0912,6.074,0.389
IND_FIRM_0168,State_2,Automotive,2022,2.856,13.837,9.115,10.507,0.0087,4.642,0.424
IND_FIRM_0169,State_1,Chemicals,2022,4.339,27.154,12.019,11.177,0.0184,6.089,0.406
IND_FIRM_0170,State_4,Automotive,2022,1.843,59.853,7.547,9.216,0.0912,4.453,0.479
IND_FIRM_0171,State_4,Electronics,2022,4.365,17.886,20.256,18.039,0.0045,6.315,0.4
IND_FIRM_0172,State_1,Chemicals,2022,0.911,27.154,12.019,11.177,0.0184,4.307,0.401
IND_FIRM_0173,State_2,Automotive,2022,3.274,13.837,9.115,10.507,0.0087,4.609,0.444
IND_FIRM_0174,State_1,Chemicals,2022,3.413,27.154,12.019,11.177,0.0184,5.092,0.399
IND_FIRM_0175,State_4,Automotive,2022,3.804,59.853,7.547,9.216,0.0912,5.795,0.403
IND_FIRM_0176,State_5,Automotive,2022,3.206,21.02,14.449,17.702,0.0223,5.746,0.436
IND_FIRM_0177,State_5,Automotive,2022,3.279,21.02,14.449,17.702,0.0223,5.358,0.385
IND_FIRM_0178,State_3,Electronics,2022,5.53,24.938,9.778,9.292,0.0099,6.118,0.351
IND_FIRM_0179,State_1,Electronics,2022,6.454,44.301,8.604,9.161,0.024,6.469,0.468
IND_FIRM_0180,State_1,Chemicals,2022,4.402,27.154,12.019,11.177,0.0184,5.956,0.475
IND_FIRM_0181,State_3,Automotive,2022,4.222,20.67,10.359,12.154,0.0201,5.261,0.435
IND_FIRM_0182,State_3,Automotive,2022,4.373,20.67,10.359,12.154,0.0201,5.352,0.357
IND_FIRM_0183,State_3,Electronics,2022,3.457,24.938,9.778,9.292,0.0099,4.901,0.443
IND_FIRM_0184,State_4,Automotive,2022,2.988,59.853,7.547,9.216,0.0912,5.439,0.404
IND_FIRM_0185,State_1,Electronics,2022,1.836,44.301,8.604,9.161,0.024,4.532,0.398
IND_FIRM_0186,State_4,Automotive,2022,3.53,59.853,7.547,9.216,0.0912,5.709,0.391
IND_FIRM_0187,State_3,Chemicals,2022,6.474,10.96,12.836,15.516,0.0003,6.236,0.361
IND_FIRM_0188,State_1,Automotive,2022,4.286,16.006,16.235,19.807,0.0102,5.503,0.485
IND_FIRM_0189,State_4,Automotive,2022,2.442,59.853,7.547,9.216,0.0912,5.515,0.289
IND_FIRM_0190,State_4,Textiles,2022,6.081,14.988,6.988,5.438,0.0034,5.168,0.281
IND_FIRM_0191,State_3,Electronics,2022,6.211,24.938,9.778,9.292,0.0099,6.649,0.36
IND_FIRM_0192,State_1,Automotive,2022,5.052,16.006,16.235,19.807,0.0102,6.28,0.384
IND_FIRM_0193,State_3,Automotive,2022,3.419,20.67,10.359,12.154,0.0201,5.173,0.432
IND_FIRM_0194,State_1,Textiles,2022,5.259,21.731,8.446,5.731,0.0064,5.517,0.33
IND_FIRM_0195,State_5,Textiles,2022,5.19,22.259,8.699,5.769,0.0069,5.307,0.487
IND_FIRM_0196,State_2,Electronics,2022,6.336,16.382,8.598,8.479,0.0032,5.944,0.373
IND_FIRM_0197,State_2,Textiles,2022,4.44,66.052,3.8,2.656,0.0335,5.476,0.471
IND_FIRM_0198,State_2,Chemicals,2022,2.377,11.447,11.83,16.924,0.002,3.981,0.396
IND_FIRM_0199,State_3,Textiles,2022,3.866,49.61,4.472,3.376,0.0248,5.188,0.444
IND_FIRM_0200,State_5,Chemicals,2022,3.785,29.297,11.795,11.181,0.0223,5.139,0.375
IND_FIRM_0201,State_1,Electronics,2022,2.139,44.301,8.604,9.161,0.024,4.686,0.397
IND_FIRM_0202,State_4,Electronics,2022,3.664,17.886,20.256,18.039,0.0045,6.019,0.444
IND_FIRM_0203,State_1,Electronics,2022,2.689,44.301,8.604,9.161,0.024,4.838,0.37
IND_FIRM_0204,State_4,Electronics,2022,2.353,17.886,20.256,18.039,0.0045,5.036,0.35
IND_FIRM_0205,State_1,Electronics,2022,4.917,44.301,8.604,9.161,0.024,5.906,0.449
IND_FIRM_0206,State_5,Chemicals,2022,3.41,29.297,11.795,11.181,0.0223,5.123,0.362
IND_FIRM_0207,State_4,Chemicals,2022,4.806,15.505,16.152,13.764,0.0066,5.709,0.32
IND_FIRM_0208,State_3,Electronics,2022,3.012,24.938,9.778,9.292,0.0099,4.628,0.355
IND_FIRM_0209,State_1,Textiles,2022,7.056,21.731,8.446,5.731,0.0064,6.463,0.506
IND_FIRM_0210,State_1,Automotive,2022,3.402,16.006,16.235,19.807,0.0102,5.037,0.423
IND_FIRM_0211,State_4,Electronics,2022,2.683,17.886,20.256,18.039,0.0045,5.621,0.359
IND_FIRM_0212,State_3,Textiles,2022,4.616,49.61,4.472,3.376,0.0248,5.461,0.401
IND_FIRM_0213,State_3,Automotive,2022,5.452,20.67,10.359,12.154,0.0201,5.519,0.375
IND_FIRM_0214,State_5,Electronics,2022,2.066,35.765,10.349,10.763,0.0168,4.434,0.412
IND_FIRM_0215,State_3,Electronics,2022,4.961,24.938,9.778,9.292,0.0099,5.416,0.375
IND_FIRM_0216,State_3,Chemicals,2022,3.923,10.96,12.836,15.516,0.0003,5.123,0.464
IND_FIRM_0217,State_3,Automotive,2022,2.4,20.67,10.359,12.154,0.0201,4.774,0.316
IND_FIRM_0218,State_2,Automotive,2022,5.761,13.837,9.115,10.507,0.0087,5.581,0.385
IND_FIRM_0219,State_5,Textiles,2022,4.888,22.259,8.699,5.769,0.0069,5.384,0.467
IND_FIRM_0220,State_1,Chemicals,2022,4.985,27.154,12.019,11.177,0.0184,5.452,0.386
IND_FIRM_0221,State_4,Chemicals,2022,4.123,15.505,16.152,13.764,0.0066,5.432,0.389
IND_FIRM_0222,State_1,Chemicals,2022,3.572,27.154,12.019,11.177,0.0184,5.264,0.375
IND_FIRM_0223,State_5,Chemicals,2022,6.162,29.297,11.795,11.181,0.0223,6.329,0.415
IND_FIRM_0224,State_4,Automotive,2022,2.75,59.853,7.547,9.216,0.0912,5.13,0.484
IND_FIRM_0225,State_5,Automotive,2022,2.326,21.02,14.449,17.702,0.0223,5.051,0.452
IND_FIRM_0226,State_3,Electronics,2022,4.222,24.938,9.778,9.292,0.0099,5.472,0.354
IND_FIRM_0227,State_4,Electronics,2022,3.378,17.886,20.256,18.039,0.0045,5.532,0.275
IND_FIRM_0228,State_3,Chemicals,2022,4.623,10.96,12.836,15.516,0.0003,5.676,0.391
IND_FIRM_0229,State_1,Chemicals,2022,3.157,27.154,12.019,11.177,0.0184,4.912,0.339
IND_FIRM_0230,State_1,Chemicals,2022,5.031,27.154,12.019,11.177,0.0184,5.59,0.353
IND_FIRM_0231,State_4,Electronics,2022,1.078,17.886,20.256,18.039,0.0045,4.498,0.432
IND_FIRM_0232,State_4,Textiles,2022,7.06,14.988,6.988,5.438,0.0034,6.326,0.322
IND_FIRM_0233,State_5,Textiles,2022,3.684,22.259,8.699,5.769,0.0069,4.634,0.434
IND_FIRM_0234,State_5,Electronics,2022,2.943,35.765,10.349,10.763,0.0168,4.969,0.434
IND_FIRM_0235,State_3,Electronics,2022,5.58,24.938,9.778,9.292,0.0099,5.957,0.375
IND_FIRM_0236,State_4,Electronics,2022,3.194,17.886,20.256,18.039,0.0045,5.224,0.401
IND_FIRM_0237,State_1,Electronics,2022,4.414,44.301,8.604,9.161,0.024,5.938,0.397
IND_FIRM_0238,State_5,Electronics,2022,4.309,35.765,10.349,10.763,0.0168,5.697,0.394
IND_FIRM_0239,State_5,Electronics,2022,4.809,35.765,10.349,10.763,0.0168,5.957,0.341
IND_FIRM_0240,State_1,Chemicals,2022,4.604,27.154,12.019,11.177,0.0184,6.056,0.395
IND_FIRM_0241,State_5,Chemicals,2022,3.161,29.297,11.795,11.181,0.0223,5.312,0.365
IND_FIRM_0242,State_3,Chemicals,2022,5.468,10.96,12.836,15.516,0.0003,5.683,0.328
IND_FIRM_0243,State_4,Chemicals,2022,2.359,15.505,16.152,13.764,0.0066,4.328,0.406
IND_FIRM_0244,State_1,Electronics,2022,3.739,44.301,8.604,9.161,0.024,4.959,0.427
IND_FIRM_0245,State_4,Textiles,2022,6.41,14.988,6.988,5.438,0.0034,5.693,0.519
IND_FIRM_0246,State_5,Automotive,2022,3.198,21.02,14.449,17.702,0.0223,5.472,0.422
IND_FIRM_0247,State_5,Electronics,2022,3.595,35.765,10.349,10.763,0.0168,5.491,0.463
IND_FIRM_0248,State_1,Automotive,2022,2.832,16.006,16.235,19.807,0.0102,5.542,0.452
IND_FIRM_0249,State_3,Textiles,2022,5.761,49.61,4.472,3.376,0.0248,6.364,0.344
IND_FIRM_0250,State_2,Chemicals,2022,4.953,11.447,11.83,16.924,0.002,5.49,0.368
IND_FIRM_0251,State_1,Textiles,2022,5.123,21.731,8.446,5.731,0.0064,4.964,0.401
IND_FIRM_0252,State_2,Electronics,2022,5.831,16.382,8.598,8.479,0.0032,5.892,0.393
IND_FIRM_0253,State_2,Chemicals,2022,3.388,11.447,11.83,16.924,0.002,4.443,0.41
IND_FIRM_0254,State_3,Electronics,2022,5.091,24.938,9.778,9.292,0.0099,5.647,0.35
IND_FIRM_0255,State_2,Chemicals,2022,4.094,11.447,11.83,16.924,0.002,4.988,0.444
IND_FIRM_0256,State_2,Automotive,2022,6.662,13.837,9.115,10.507,0.0087,5.55,0.401
IND_FIRM_0257,State_3,Automotive,2022,4.148,20.67,10.359,12.154,0.0201,5.488,0.395
IND_FIRM_0258,State_2,Automotive,2022,4.734,13.837,9.115,10.507,0.0087,5.446,0.43
IND_FIRM_0259,State_2,Textiles,2022,3.414,66.052,3.8,2.656,0.0335,6.061,0.408
IND_FIRM_0260,State_2,Electronics,2022,3.625,16.382,8.598,8.479,0.0032,4.463,0.464
IND_FIRM_0261,State_1,Textiles,2022,4.295,21.731,8.446,5.731,0.0064,5.167,0.499
IND_FIRM_0262,State_1,Automotive,2022,3.965,16.006,16.235,19.807,0.0102,5.758,0.435
IND_FIRM_0263,State_1,Electronics,2022,4.049,44.301,8.604,9.161,0.024,5.902,0.39
IND_FIRM_0264,State_3,Automotive,2022,4.466,20.67,10.359,12.154,0.0201,5.611,0.451
IND_FIRM_0265,State_5,Textiles,2022,3.131,22.259,8.699,5.769,0.0069,4.665,0.431
IND_FIRM_0266,State_2,Textiles,2022,3.802,66.052,3.8,2.656,0.0335,5.845,0.467
IND_FIRM_0267,State_2,Textiles,2022,3.964,66.052,3.8,2.656,0.0335,5.693,0.408
IND_FIRM_0268,State_3,Automotive,2022,4.552,20.67,10.359,12.154,0.0201,5.242,0.393
IND_FIRM_0269,State_2,Electronics,2022,6.544,16.382,8.598,8.479,0.0032,6.009,0.388
IND_FIRM_0270,State_1,Electronics,2022,2.926,44.301,8.604,9.161,0.024,5.006,0.348
IND_FIRM_0271,State_5,Automotive,2022,3.122,21.02,14.449,17.702,0.0223,5.077,0.448
IND_FIRM_0272,State_4,Electronics,2022,0.102,17.886,20.256,18.039,0.0045,4.425,0.441
IND_FIRM_0273,State_2,Automotive,2022,6.264,13.837,9.115,10.507,0.0087,5.392,0.465
IND_FIRM_0274,State_1,Electronics,2022,4.149,44.301,8.604,9.161,0.024,5.665,0.497
IND_FIRM_0275,State_4,Chemicals,2022,1.965,15.505,16.152,13.764,0.0066,4.389,0.341
IND_FIRM_0276,State_5,Chemicals,2022,1.453,29.297,11.795,11.181,0.0223,4.606,0.489
IND_FIRM_0277,State_4,Textiles,2022,4.856,14.988,6.988,5.438,0.0034,4.909,0.482
IND_FIRM_0278,State_1,Chemicals,2022,4.905,27.154,12.019,11.177,0.0184,5.745,0.463
IND_FIRM_0279,State_4,Chemicals,2022,3.568,15.505,16.152,13.764,0.0066,5.319,0.391
IND_FIRM_0280,State_3,Chemicals,2022,3.694,10.96,12.836,15.516,0.0003,4.891,0.413
IND_FIRM_0281,State_4,Automotive,2022,2.003,59.853,7.547,9.216,0.0912,5.071,0.351
IND_FIRM_0282,State_2,Chemicals,2022,2.983,11.447,11.83,16.924,0.002,4.862,0.402
IND_FIRM_0283,State_2,Chemicals,2022,3.109,11.447,11.83,16.924,0.002,4.599,0.422
IND_FIRM_0284,State_3,Textiles,2022,3.57,49.61,4.472,3.376,0.0248,4.747,0.405
IND_FIRM_0285,State_1,Chemicals,2022,3.048,27.154,12.019,11.177,0.0184,5.095,0.429
IND_FIRM_0286,State_2,Chemicals,2022,5.319,11.447,11.83,16.924,0.002,5.734,0.414
IND_FIRM_0287,State_5,Electronics,2022,3.249,35.765,10.349,10.763,0.0168,5.117,0.436
IND_FIRM_0288,State_2,Textiles,2022,2.593,66.052,3.8,2.656,0.0335,4.777,0.365
IND_FIRM_0289,State_2,Textiles,2022,5.893,66.052,3.8,2.656,0.0335,6.269,0.389
IND_FIRM_0290,State_1,Textiles,2022,4.143,21.731,8.446,5.731,0.0064,5.216,0.438
IND_FIRM_0291,State_4,Textiles,2022,7.118,14.988,6.988,5.438,0.0034,5.882,0.357
IND_FIRM_0292,State_2,Textiles,2022,5.233,66.052,3.8,2.656,0.0335,6.607,0.314
IND_FIRM_0293,State_3,Textiles,2022,2.615,49.61,4.472,3.376,0.0248,4.729,0.382
IND_FIRM_0294,State_4,Automotive,2022,2.888,59.853,7.547,9.216,0.0912,5.248,0.412
IND_FIRM_0295,State_5,Chemicals,2022,3.84,29.297,11.795,11.181,0.0223,5.263,0.364
IND_FIRM_0296,State_1,Textiles,2022,4.251,21.731,8.446,5.731,0.0064,5.454,0.354
IND_FIRM_0297,State_5,Chemicals,2022,3.919,29.297,11.795,11.181,0.0223,5.695,0.394
IND_FIRM_0298,State_4,Chemicals,2022,3.722,15.505,16.152,13.764,0.0066,4.93,0.459
IND_FIRM_0299,State_4,Automotive,2022,2.166,59.853,7.547,9.216,0.0912,5.176,0.331
IND_FIRM_0300,State_4,Textiles,2022,6.352,14.988,6.988,5.438,0.0034,5.257,0.378
IND_FIRM_0301,State_5,Electronics,2022,3.249,35.765,10.349,10.763,0.0168,5.266,0.333
IND_FIRM_0302,State_4,Automotive,2022,2.512,59.853,7.547,9.216,0.0912,4.413,0.345
IND_FIRM_0303,State_5,Electronics,2022,4.701,35.765,10.349,10.763,0.0168,5.976,0.436
IND_FIRM_0304,State_4,Chemicals,2022,4.478,15.505,16.152,13.764,0.0066,5.744,0.38
IND_FIRM_0305,State_3,Chemicals,2022,4.306,10.96,12.836,15.516,0.0003,5.484,0.429
IND_FIRM_0306,State_4,Automotive,2022,2.534,59.853,7.547,9.216,0.0912,5.551,0.493
IND_FIRM_0307,State_5,Automotive,2022,2.504,21.02,14.449,17.702,0.0223,5.631,0.402
IND_FIRM_0308,State_2,Electronics,2022,4.864,16.382,8.598,8.479,0.0032,5.092,0.436
IND_FIRM_0309,State_4,Textiles,2022,8.064,14.988,6.988,5.438,0.0034,6.664,0.441
IND_FIRM_0310,State_2,Electronics,2022,5.906,16.382,8.598,8.479,0.0032,5.483,0.376
IND_FIRM_0311,State_3,Automotive,2022,3.893,20.67,10.359,12.154,0.0201,4.781,0.314
IND_FIRM_0312,State_1,Electronics,2022,4.14,44.301,8.604,9.161,0.024,5.387,0.326
IND_FIRM_0313,State_3,Automotive,2022,4.098,20.67,10.359,12.154,0.0201,5.467,0.381
IND_FIRM_0314,State_4,Electronics,2022,3.957,17.886,20.256,18.039,0.0045,5.457,0.473
IND_FIRM_0315,State_2,Automotive,2022,5.3,13.837,9.115,10.507,0.0087,6.024,0.397
IND_FIRM_0316,State_2,Automotive,2022,5.654,13.837,9.115,10.507,0.0087,5.751,0.346
IND_FIRM_0317,State_5,Automotive,2022,2.504,21.02,14.449,17.702,0.0223,4.916,0.391
IND_FIRM_0318,State_2,Textiles,2022,3.698,66.052,3.8,2.656,0.0335,5.689,0.345
IND_FIRM_0319,State_5,Electronics,2022,2.646,35.765,10.349,10.763,0.0168,4.49,0.416
IND_FIRM_0320,State_1,Electronics,2022,2.164,44.301,8.604,9.161,0.024,5.085,0.428
IND_FIRM_0321,State_4,Electronics,2022,3.297,17.886,20.256,18.039,0.0045,5.699,0.491
IND_FIRM_0322,State_5,Automotive,2022,2.771,21.02,14.449,17.702,0.0223,4.959,0.373
IND_FIRM_0323,State_1,Electronics,2022,2.47,44.301,8.604,9.161,0.024,4.658,0.367
IND_FIRM_0324,State_2,Electronics,2022,4.72,16.382,8.598,8.479,0.0032,5.421,0.352
IND_FIRM_0325,State_2,Automotive,2022,6.029,13.837,9.115,10.507,0.0087,5.755,0.346
IND_FIRM_0326,State_1,Chemicals,2022,2.532,27.154,12.019,11.177,0.0184,4.946,0.457
IND_FIRM_0327,State_2,Automotive,2022,2.34,13.837,9.115,10.507,0.0087,3.272,0.413
IND_FIRM_0328,State_1,Electronics,2022,2.596,44.301,8.604,9.161,0.024,4.965,0.501
IND_FIRM_0329,State_5,Automotive,2022,4.672,21.02,14.449,17.702,0.0223,6.204,0.397
IND_FIRM_0330,State_5,Chemicals,2022,4.744,29.297,11.795,11.181,0.0223,5.737,0.325
IND_FIRM_0331,State_1,Automotive,2022,4.792,16.006,16.235,19.807,0.0102,6.06,0.387
IND_FIRM_0332,State_5,Electronics,2022,2.163,35.765,10.349,10.763,0.0168,4.855,0.291
IND_FIRM_0333,State_5,Chemicals,2022,2.567,29.297,11.795,11.181,0.0223,4.707,0.419
IND_FIRM_0334,State_5,Textiles,2022,4.934,22.259,8.699,5.769,0.0069,5.84,0.369
IND_FIRM_0335,State_3,Electronics,2022,4.705,24.938,9.778,9.292,0.0099,5.654,0.491
IND_FIRM_0336,State_4,Chemicals,2022,3.711,15.505,16.152,13.764,0.0066,5.491,0.347
IND_FIRM_0337,State_2,Chemicals,2022,5.429,11.447,11.83,16.924,0.002,5.988,0.39
IND_FIRM_0338,State_3,Textiles,2022,4.418,49.61,4.472,3.376,0.0248,5.304,0.326
IND_FIRM_0339,State_5,Automotive,2022,3.373,21.02,14.449,17.702,0.0223,5.384,0.405
IND_FIRM_0340,State_1,Automotive,2022,4.253,16.006,16.235,19.807,0.0102,5.993,0.4
IND_FIRM_0341,State_5,Electronics,2022,4.858,35.765,10.349,10.763,0.0168,5.832,0.4
IND_FIRM_0342,State_4,Textiles,2022,6.634,14.988,6.988,5.438,0.0034,5.788,0.407
IND_FIRM_0343,State_5,Automotive,2022,4.364,21.02,14.449,17.702,0.0223,5.577,0.301
IND_FIRM_0344,State_1,Textiles,2022,6.331,21.731,8.446,5.731,0.0064,6.259,0.351
IND_FIRM_0345,State_4,Automotive,2022,2.029,59.853,7.547,9.216,0.0912,5.114,0.324
IND_FIRM_0346,State_5,Chemicals,2022,4.306,29.297,11.795,11.181,0.0223,5.398,0.465
IND_FIRM_0347,State_4,Automotive,2022,2.37,59.853,7.547,9.216,0.0912,5.469,0.317
IND_FIRM_0348,State_2,Textiles,2022,2.919,66.052,3.8,2.656,0.0335,4.822,0.395
IND_FIRM_0349,State_2,Chemicals,2022,3.609,11.447,11.83,16.924,0.002,5.208,0.425
IND_FIRM_0350,State_5,Chemicals,2022,4.671,29.297,11.795,11.181,0.0223,5.499,0.437
IND_FIRM_0351,State_4,Chemicals,2022,4.1,15.505,16.152,13.764,0.0066,5.577,0.41
IND_FIRM_0352,State_1,Textiles,2022,5.317,21.731,8.446,5.731,0.0064,5.58,0.39
IND_FIRM_0353,State_5,Electronics,2022,3.777,35.765,10.349,10.763,0.0168,4.886,0.352
IND_FIRM_0354,State_2,Electronics,2022,5.284,16.382,8.598,8.479,0.0032,5.244,0.44
IND_FIRM_0355,State_2,Electronics,2022,6.216,16.382,8.598,8.479,0.0032,6.051,0.411
IND_FIRM_0356,State_5,Textiles,2022,3.493,22.259,8.699,5.769,0.0069,4.834,0.416
IND_FIRM_0357,State_4,Chemicals,2022,3.5,15.505,16.152,13.764,0.0066,5.315,0.342
IND_FIRM_0358,State_2,Electronics,2022,5.741,16.382,8.598,8.479,0.0032,5.628,0.532
IND_FIRM_0359,State_4,Textiles,2022,6.54,14.988,6.988,5.438,0.0034,5.54,0.386
IND_FIRM_0360,State_2,Electronics,2022,3.769,16.382,8.598,8.479,0.0032,4.654,0.282
IND_FIRM_0361,State_2,Automotive,2022,7.004,13.837,9.115,10.507,0.0087,6.23,0.432
IND_FIRM_0362,State_3,Electronics,2022,4.714,24.938,9.778,9.292,0.0099,5.51,0.414
IND_FIRM_0363,State_2,Electronics,2022,5.502,16.382,8.598,8.479,0.0032,5.758,0.379
IND_FIRM_0364,State_1,Chemicals,2022,3.303,27.154,12.019,11.177,0.0184,5.551,0.372
IND_FIRM_0365,State_5,Textiles,2022,5.661,22.259,8.699,5.769,0.0069,5.62,0.368
IND_FIRM_0366,State_5,Chemicals,2022,4.05,29.297,11.795,11.181,0.0223,5.225,0.413
IND_FIRM_0367,State_4,Chemicals,2022,5.334,15.505,16.152,13.764,0.0066,5.883,0.455
IND_FIRM_0368,State_2,Chemicals,2022,3.669,11.447,11.83,16.924,0.002,4.356,0.52
IND_FIRM_0369,State_1,Chemicals,2022,4.229,27.154,12.019,11.177,0.0184,5.367,0.32
IND_FIRM_0370,State_4,Chemicals,2022,4.105,15.505,16.152,13.764,0.0066,5.641,0.451
IND_FIRM_0371,State_3,Electronics,2022,4.441,24.938,9.778,9.292,0.0099,5.384,0.314
IND_FIRM_0372,State_4,Chemicals,2022,2.782,15.505,16.152,13.764,0.0066,5.123,0.29
IND_FIRM_0373,State_4,Chemicals,2022,3.008,15.505,16.152,13.764,0.0066,5.316,0.415
IND_FIRM_0374,State_2,Textiles,2022,3.288,66.052,3.8,2.656,0.0335,5.44,0.413
IND_FIRM_0375,State_3,Automotive,2022,3.289,20.67,10.359,12.154,0.0201,4.719,0.416
IND_FIRM_0376,State_4,Electronics,2022,3.631,17.886,20.256,18.039,0.0045,6.154,0.405
IND_FIRM_0377,State_1,Electronics,2022,3.157,44.301,8.604,9.161,0.024,4.912,0.386
IND_FIRM_0378,State_1,Electronics,2022,3.86,44.301,8.604,9.161,0.024,5.316,0.398
IND_FIRM_0379,State_5,Chemicals,2022,3.967,29.297,11.795,11.181,0.0223,5.16,0.474
IND_FIRM_0380,State_3,Chemicals,2022,3.511,10.96,12.836,15.516,0.0003,5.259,0.382
IND_FIRM_0381,State_3,Chemicals,2022,4.25,10.96,12.836,15.516,0.0003,5.838,0.488
IND_FIRM_0382,State_5,Textiles,2022,3.258,22.259,8.699,5.769,0.0069,4.483,0.392
IND_FIRM_0383,State_4,Automotive,2022,3.796,59.853,7.547,9.216,0.0912,5.705,0.372
IND_FIRM_0384,State_3,Chemicals,2022,5.635,10.96,12.836,15.516,0.0003,5.786,0.354
IND_FIRM_0385,State_1,Automotive,2022,1.739,16.006,16.235,19.807,0.0102,4.526,0.459
IND_FIRM_0386,State_1,Textiles,2022,4.294,21.731,8.446,5.731,0.0064,5.171,0.343
IND_FIRM_0387,State_2,Electronics,2022,3.881,16.382,8.598,8.479,0.0032,4.714,0.345
IND_FIRM_0388,State_3,Chemicals,2022,4.25,10.96,12.836,15.516,0.0003,5.618,0.286
IND_FIRM_0389,State_4,Automotive,2022,3.883,59.853,7.547,9.216,0.0912,5.718,0.341
IND_FIRM_0390,State_5,Automotive,2022,4.505,21.02,14.449,17.702,0.0223,5.832,0.393
IND_FIRM_0391,State_5,Chemicals,2022,4.887,29.297,11.795,11.181,0.0223,6.124,0.376
IND_FIRM_0392,State_4,Electronics,2022,4.761,17.886,20.256,18.039,0.0045,6.04,0.26
IND_FIRM_0393,State_2,Electronics,2022,5.512,16.382,8.598,8.479,0.0032,5.38,0.444
IND_FIRM_0394,State_5,Electronics,2022,2.697,35.765,10.349,10.763,0.0168,4.853,0.52
IND_FIRM_0395,State_3,Textiles,2022,4.515,49.61,4.472,3.376,0.0248,5.745,0.462
IND_FIRM_0396,State_2,Automotive,2022,6.162,13.837,9.115,10.507,0.0087,5.778,0.525
IND_FIRM_0397,State_3,Automotive,2022,3.715,20.67,10.359,12.154,0.0201,5.199,0.463
IND_FIRM_0398,State_1,Automotive,2022,5.09,16.006,16.235,19.807,0.0102,5.975,0.377
IND_FIRM_0399,State_2,Textiles,2022,4.292,66.052,3.8,2.656,0.0335,5.789,0.503
IND_FIRM_0400,State_5,Automotive,2022,3.579,21.02,14.449,17.702,0.0223,5.41,0.383
IND_FIRM_0401,State_2,Textiles,2022,3.045,66.052,3.8,2.656,0.0335,4.634,0.446
IND_FIRM_0402,State_2,Electronics,2022,4.778,16.382,8.598,8.479,0.0032,5.143,0.391
IND_FIRM_0403,State_2,Chemicals,2022,4.518,11.447,11.83,16.924,0.002,5.732,0.405
IND_FIRM_0404,State_2,Automotive,2022,4.509,13.837,9.115,10.507,0.0087,5.276,0.476
IND_FIRM_0405,State_3,Automotive,2022,5.142,20.67,10.359,12.154,0.0201,5.68,0.367
IND_FIRM_0406,State_1,Electronics,2022,3.79,44.301,8.604,9.161,0.024,4.538,0.406
IND_FIRM_0407,State_4,Chemicals,2022,4.124,15.505,16.152,13.764,0.0066,5.575,0.468
IND_FIRM_0408,State_2,Textiles,2022,3.611,66.052,3.8,2.656,0.0335,5.348,0.393
IND_FIRM_0409,State_5,Chemicals,2022,3.808,29.297,11.795,11.181,0.0223,5.401,0.455
IND_FIRM_0410,State_2,Electronics,2022,4.675,16.382,8.598,8.479,0.0032,5.123,0.435
IND_FIRM_0411,State_5,Electronics,2022,4.592,35.765,10.349,10.763,0.0168,5.628,0.338
IND_FIRM_0412,State_3,Chemicals,2022,5.1,10.96,12.836,15.516,0.0003,5.898,0.447
IND_FIRM_0413,State_5,Textiles,2022,5.593,22.259,8.699,5.769,0.0069,5.552,0.428
IND_FIRM_0414,State_4,Textiles,2022,6.132,14.988,6.988,5.438,0.0034,5.562,0.416
IND_FIRM_0415,State_1,Automotive,2022,2.867,16.006,16.235,19.807,0.0102,4.739,0.37
IND_FIRM_0416,State_5,Textiles,2022,5.122,22.259,8.699,5.769,0.0069,5.198,0.433
IND_FIRM_0417,State_5,Chemicals,2022,5.245,29.297,11.795,11.181,0.0223,5.961,0.394
IND_FIRM_0418,State_1,Electronics,2022,4.1,44.301,8.604,9.161,0.024,5.471,0.392
IND_FIRM_0419,State_4,Automotive,2022,2.408,59.853,7.547,9.216,0.0912,4.943,0.349
IND_FIRM_0420,State_2,Automotive,2022,5.308,13.837,9.115,10.507,0.0087,5.429,0.416
IND_FIRM_0421,State_5,Electronics,2022,4.358,35.765,10.349,10.763,0.0168,5.867,0.415
IND_FIRM_0422,State_1,Textiles,2022,3.97,21.731,8.446,5.731,0.0064,5.167,0.342
IND_FIRM_0423,State_3,Electronics,2022,3.105,24.938,9.778,9.292,0.0099,4.506,0.444
IND_FIRM_0424,State_1,Textiles,2022,4.525,21.731,8.446,5.731,0.0064,5.338,0.424
IND_FIRM_0425,State_3,Electronics,2022,3.971,24.938,9.778,9.292,0.0099,5.315,0.402
IND_FIRM_0426,State_4,Chemicals,2022,3.538,15.505,16.152,13.764,0.0066,5.206,0.346
IND_FIRM_0427,State_2,Textiles,2022,2.09,66.052,3.8,2.656,0.0335,4.67,0.342
IND_FIRM_0428,State_1,Chemicals,2022,4.18,27.154,12.019,11.177,0.0184,6.116,0.383
IND_FIRM_0429,State_5,Automotive,2022,2.831,21.02,14.449,17.702,0.0223,5.393,0.319
IND_FIRM_0430,State_4,Electronics,2022,3.432,17.886,20.256,18.039,0.0045,5.422,0.363
IND_FIRM_0431,State_1,Automotive,2022,2.913,16.006,16.235,19.807,0.0102,5.341,0.409
IND_FIRM_0432,State_5,Automotive,2022,3.832,21.02,14.449,17.702,0.0223,5.268,0.418
IND_FIRM_0433,State_1,Automotive,2022,2.953,16.006,16.235,19.807,0.0102,5.262,0.323
IND_FIRM_0434,State_3,Automotive,2022,3.601,20.67,10.359,12.154,0.0201,5.402,0.282
IND_FIRM_0435,State_1,Electronics,2022,6.242,44.301,8.604,9.161,0.024,6.58,0.376
IND_FIRM_0436,State_1,Automotive,2022,3.2,16.006,16.235,19.807,0.0102,4.818,0.36
IND_FIRM_0437,State_1,Electronics,2022,4.256,44.301,8.604,9.161,0.024,5.98,0.419
IND_FIRM_0438,State_4,Electronics,2022,2.18,17.886,20.256,18.039,0.0045,4.99,0.34
IND_FIRM_0439,State_1,Chemicals,2022,4.538,27.154,12.019,11.177,0.0184,5.793,0.346
IND_FIRM_0440,State_5,Textiles,2022,5.807,22.259,8.699,5.769,0.0069,5.645,0.36
IND_FIRM_0441,State_3,Textiles,2022,4.234,49.61,4.472,3.376,0.0248,5.384,0.445
IND_FIRM_0442,State_3,Electronics,2022,4.142,24.938,9.778,9.292,0.0099,5.059,0.399
IND_FIRM_0443,State_1,Chemicals,2022,3.955,27.154,12.019,11.177,0.0184,5.487,0.44
IND_FIRM_0444,State_4,Electronics,2022,2.698,17.886,20.256,18.039,0.0045,5.217,0.432
IND_FIRM_0445,State_4,Electronics,2022,5.943,17.886,20.256,18.039,0.0045,6.53,0.381
IND_FIRM_0446,State_5,Electronics,2022,4.208,35.765,10.349,10.763,0.0168,5.4,0.467
IND_FIRM_0447,State_1,Chemicals,2022,4.574,27.154,12.019,11.177,0.0184,5.775,0.385
IND_FIRM_0448,State_3,Textiles,2022,5.908,49.61,4.472,3.376,0.0248,6.277,0.452
IND_FIRM_0449,State_4,Chemicals,2022,3.31,15.505,16.152,13.764,0.0066,5.019,0.416
IND_FIRM_0450,State_1,Automotive,2022,3.153,16.006,16.235,19.807,0.0102,5.455,0.331
IND_FIRM_0451,State_4,Chemicals,2022,3.692,15.505,16.152,13.764,0.0066,5.276,0.393
IND_FIRM_0452,State_4,Chemicals,2022,3.588,15.505,16.152,13.764,0.0066,5.276,0.481
IND_FIRM_0453,State_3,Chemicals,2022,4.038,10.96,12.836,15.516,0.0003,5.177,0.358
IND_FIRM_0454,State_2,Chemicals,2022,3.045,11.447,11.83,16.924,0.002,4.943,0.422
IND_FIRM_0455,State_5,Textiles,2022,5.191,22.259,8.699,5.769,0.0069,5.237,0.374
IND_FIRM_0456,State_5,Automotive,2022,2.579,21.02,14.449,17.702,0.0223,4.58,0.412
IND_FIRM_0457,State_3,Textiles,2022,5.714,49.61,4.472,3.376,0.0248,5.927,0.427
IND_FIRM_0458,State_4,Textiles,2022,5.982,14.988,6.988,5.438,0.0034,5.665,0.395
IND_FIRM_0459,State_1,Chemicals,2022,3.646,27.154,12.019,11.177,0.0184,5.026,0.377
IND_FIRM_0460,State_4,Electronics,2022,2.411,17.886,20.256,18.039,0.0045,5.366,0.369
IND_FIRM_0461,State_3,Electronics,2022,4.889,24.938,9.778,9.292,0.0099,5.032,0.405
IND_FIRM_0462,State_5,Textiles,2022,4.288,22.259,8.699,5.769,0.0069,5.051,0.364
IND_FIRM_0463,State_4,Textiles,2022,7.69,14.988,6.988,5.438,0.0034,6.266,0.452
IND_FIRM_0464,State_5,Chemicals,2022,5.056,29.297,11.795,11.181,0.0223,5.537,0.418
IND_FIRM_0465,State_1,Textiles,2022,5.684,21.731,8.446,5.731,0.0064,5.658,0.376
IND_FIRM_0466,State_5,Chemicals,2022,4.083,29.297,11.795,11.181,0.0223,5.824,0.322
IND_FIRM_0467,State_5,Electronics,2022,3.047,35.765,10.349,10.763,0.0168,5.075,0.369
IND_FIRM_0468,State_2,Electronics,2022,6.273,16.382,8.598,8.479,0.0032,6.033,0.324
IND_FIRM_0469,State_2,Automotive,2022,5.365,13.837,9.115,10.507,0.0087,5.589,0.267
IND_FIRM_0470,State_2,Electronics,2022,5.868,16.382,8.598,8.479,0.0032,5.757,0.392
IND_FIRM_0471,State_5,Textiles,2022,4.805,22.259,8.699,5.769,0.0069,5.02,0.438
IND_FIRM_0472,State_3,Electronics,2022,6.212,24.938,9.778,9.292,0.0099,5.988,0.46
IND_FIRM_0473,State_5,Chemicals,2022,4.488,29.297,11.795,11.181,0.0223,5.925,0.392
IND_FIRM_0474,State_3,Electronics,2022,6.692,24.938,9.778,9.292,0.0099,6.537,0.338
IND_FIRM_0475,State_3,Automotive,2022,3.689,20.67,10.359,12.154,0.0201,5.459,0.482
IND_FIRM_0476,State_2,Electronics,2022,5.09,16.382,8.598,8.479,0.0032,5.239,0.41
IND_FIRM_0477,State_4,Chemicals,2022,2.599,15.505,16.152,13.764,0.0066,5.21,0.379
IND_FIRM_0478,State_1,Chemicals,2022,3.58,27.154,12.019,11.177,0.0184,4.864,0.314
IND_FIRM_0479,State_2,Textiles,2022,4.932,66.052,3.8,2.656,0.0335,5.772,0.436
IND_FIRM_0480,State_2,Electronics,2022,6.469,16.382,8.598,8.479,0.0032,6.165,0.356
IND_FIRM_0481,State_4,Chemicals,2022,6.402,15.505,16.152,13.764,0.0066,7.027,0.377
IND_FIRM_0482,State_1,Automotive,2022,3.207,16.006,16.235,19.807,0.0102,4.997,0.405
IND_FIRM_0483,State_5,Textiles,2022,3.575,22.259,8.699,5.769,0.0069,4.945,0.38
IND_FIRM_0484,State_5,Automotive,2022,4.085,21.02,14.449,17.702,0.0223,6.052,0.358
IND_FIRM_0485,State_2,Electronics,2022,4.513,16.382,8.598,8.479,0.0032,4.9,0.37
IND_FIRM_0486,State_1,Electronics,2022,3.47,44.301,8.604,9.161,0.024,6.053,0.37
IND_FIRM_0487,State_2,Electronics,2022,4.16,16.382,8.598,8.479,0.0032,5.182,0.369
IND_FIRM_0488,State_3,Textiles,2022,4.596,49.61,4.472,3.376,0.0248,5.573,0.473
IND_FIRM_0489,State_2,Chemicals,2022,4.687,11.447,11.83,16.924,0.002,6.229,0.472
IND_FIRM_0490,State_2,Textiles,2022,3.378,66.052,3.8,2.656,0.0335,5.427,0.342
IND_FIRM_0491,State_5,Automotive,2022,4.695,21.02,14.449,17.702,0.0223,5.97,0.364
IND_FIRM_0492,State_5,Textiles,2022,6.199,22.259,8.699,5.769,0.0069,5.89,0.384
IND_FIRM_0493,State_5,Automotive,2022,1.401,21.02,14.449,17.702,0.0223,4.08,0.386
IND_FIRM_0494,State_3,Textiles,2022,3.534,49.61,4.472,3.376,0.0248,5.192,0.366
IND_FIRM_0495,State_5,Chemicals,2022,2.538,29.297,11.795,11.181,0.0223,4.469,0.404
IND_FIRM_0496,State_1,Automotive,2022,5.234,16.006,16.235,19.807,0.0102,6.552,0.377
IND_FIRM_0497,State_4,Electronics,2022,2.359,17.886,20.256,18.039,0.0045,5.061,0.292
IND_FIRM_0498,State_1,Electronics,2022,5.883,44.301,8.604,9.161,0.024,6.287,0.352
IND_FIRM_0499,State_1,Textiles,2022,3.903,21.731,8.446,5.731,0.0064,4.339,0.533
IND_FIRM_0500,State_5,Electronics,2022,3.398,35.765,10.349,10.763,0.0168,5.213,0.428
IND_FIRM_0001,State_2,Textiles,2023,2.369,67.534,4.184,2.813,0.0717,4.84,0.492
IND_FIRM_0002,State_2,Textiles,2023,4.003,67.534,4.184,2.813,0.0717,5.719,0.421
IND_FIRM_0003,State_4,Electronics,2023,5.314,19.749,21.457,19.023,0.009,6.866,0.357
IND_FIRM_0004,State_2,Textiles,2023,2.156,67.534,4.184,2.813,0.0717,4.802,0.437
IND_FIRM_0005,State_2,Chemicals,2023,3.299,13.712,11.805,17.117,0.0012,5.181,0.386
IND_FIRM_0006,State_4,Chemicals,2023,2.742,15.082,17.356,14.822,0.004,5.184,0.362
IND_FIRM_0007,State_4,Automotive,2023,2.166,63.758,8.02,9.762,0.0539,5.386,0.423
IND_FIRM_0008,State_1,Textiles,2023,6.186,22.004,8.524,5.871,0.0137,5.762,0.512
IND_FIRM_0009,State_5,Electronics,2023,4.655,34.112,11.029,11.43,0.0337,6.129,0.42
IND_FIRM_0010,State_5,Chemicals,2023,4.31,30.917,11.829,11.108,0.0135,6.028,0.437
IND_FIRM_0011,State_2,Chemicals,2023,3.248,13.712,11.805,17.117,0.0012,4.977,0.424
IND_FIRM_0012,State_5,Electronics,2023,5.963,34.112,11.029,11.43,0.0337,6.697,0.327
IND_FIRM_0013,State_2,Electronics,2023,3.178,14.284,9.111,9.07,0.0064,4.51,0.363
IND_FIRM_0014,State_1,Chemicals,2023,2.366,26.536,12.614,11.597,0.0111,5.312,0.336
IND_FIRM_0015,State_4,Chemicals,2023,3.769,15.082,17.356,14.822,0.004,5.454,0.434
IND_FIRM_0016,State_4,Electronics,2023,2.454,19.749,21.457,19.023,0.009,5.589,0.402
IND_FIRM_0017,State_4,Chemicals,2023,4.214,15.082,17.356,14.822,0.004,5.455,0.352
IND_FIRM_0018,State_5,Automotive,2023,4.393,22.908,14.231,17.482,0.0132,6.307,0.417
IND_FIRM_0019,State_1,Automotive,2023,2.408,15.242,17.355,21.137,0.006,5.376,0.366
IND_FIRM_0020,State_5,Electronics,2023,3.383,34.112,11.029,11.43,0.0337,5.375,0.37
IND_FIRM_0021,State_5,Textiles,2023,3.925,21.302,9.034,5.943,0.0147,5.059,0.37
IND_FIRM_0022,State_1,Electronics,2023,3.955,49.1,8.326,8.891,0.0481,5.953,0.385
IND_FIRM_0023,State_1,Electronics,2023,3.446,49.1,8.326,8.891,0.0481,5.396,0.405
IND_FIRM_0024,State_1,Textiles,2023,4.743,22.004,8.524,5.871,0.0137,5.541,0.444
IND_FIRM_0025,State_1,Textiles,2023,5.585,22.004,8.524,5.871,0.0137,5.84,0.424
IND_FIRM_0026,State_4,Textiles,2023,6.536,16.419,7.192,5.684,0.0072,5.684,0.424
IND_FIRM_0027,State_3,Automotive,2023,1.808,21.519,11.047,12.966,0.0119,4.474,0.424
IND_FIRM_0028,State_3,Chemicals,2023,4.473,12.869,13.611,16.742,0.0002,5.695,0.503
IND_FIRM_0029,State_1,Automotive,2023,2.827,15.242,17.355,21.137,0.006,5.227,0.402
IND_FIRM_0030,State_3,Chemicals,2023,5.294,12.869,13.611,16.742,0.0002,6.219,0.424
IND_FIRM_0031,State_3,Automotive,2023,3.471,21.519,11.047,12.966,0.0119,5.467,0.48
IND_FIRM_0032,State_1,Chemicals,2023,4.715,26.536,12.614,11.597,0.0111,6.428,0.444
IND_FIRM_0033,State_3,Automotive,2023,3.463,21.519,11.047,12.966,0.0119,5.561,0.426
IND_FIRM_0034,State_5,Textiles,2023,2.365,21.302,9.034,5.943,0.0147,4.536,0.447
IND_FIRM_0035,State_2,Electronics,2023,5.86,14.284,9.111,9.07,0.0064,6.292,0.356
IND_FIRM_0036,State_2,Automotive,2023,4.091,14.545,9.005,10.404,0.0052,4.823,0.362
IND_FIRM_0037,State_1,Chemicals,2023,1.914,26.536,12.614,11.597,0.0111,4.616,0.44
IND_FIRM_0038,State_4,Textiles,2023,5.443,16.419,7.192,5.684,0.0072,6.129,0.397
IND_FIRM_0039,State_1,Automotive,2023,2.326,15.242,17.355,21.137,0.006,5.364,0.414
IND_FIRM_0040,State_4,Automotive,2023,3.065,63.758,8.02,9.762,0.0539,5.977,0.362
IND_FIRM_0041,State_2,Textiles,2023,4.413,67.534,4.184,2.813,0.0717,5.69,0.338
IND_FIRM_0042,State_1,Automotive,2023,3.34,15.242,17.355,21.137,0.006,5.609,0.391
IND_FIRM_0043,State_5,Electronics,2023,2.929,34.112,11.029,11.43,0.0337,5.229,0.399
IND_FIRM_0044,State_3,Automotive,2023,4.317,21.519,11.047,12.966,0.0119,5.498,0.39
IND_FIRM_0045,State_4,Electronics,2023,2.477,19.749,21.457,19.023,0.009,5.492,0.421
IND_FIRM_0046,State_3,Electronics,2023,4.74,25.504,10.483,10.051,0.0198,5.622,0.444
IND_FIRM_0047,State_3,Textiles,2023,2.92,54.818,4.925,3.638,0.053,5.338,0.374
IND_FIRM_0048,State_1,Automotive,2023,2.053,15.242,17.355,21.137,0.006,5.623,0.364
IND_FIRM_0049,State_3,Textiles,2023,4.317,54.818,4.925,3.638,0.053,5.957,0.391
IND_FIRM_0050,State_5,Automotive,2023,4.528,22.908,14.231,17.482,0.0132,6.244,0.415
IND_FIRM_0051,State_3,Automotive,2023,5.045,21.519,11.047,12.966,0.0119,5.874,0.327
IND_FIRM_0052,State_1,Chemicals,2023,3.424,26.536,12.614,11.597,0.0111,5.661,0.398
IND_FIRM_0053,State_5,Automotive,2023,2.875,22.908,14.231,17.482,0.0132,5.252,0.341
IND_FIRM_0054,State_2,Textiles,2023,3.131,67.534,4.184,2.813,0.0717,5.917,0.366
IND_FIRM_0055,State_3,Electronics,2023,2.466,25.504,10.483,10.051,0.0198,5.264,0.41
IND_FIRM_0056,State_1,Automotive,2023,1.879,15.242,17.355,21.137,0.006,5.197,0.385
IND_FIRM_0057,State_2,Chemicals,2023,4.997,13.712,11.805,17.117,0.0012,6.01,0.407
IND_FIRM_0058,State_2,Textiles,2023,3.211,67.534,4.184,2.813,0.0717,5.775,0.285
IND_FIRM_0059,State_4,Automotive,2023,3.016,63.758,8.02,9.762,0.0539,5.064,0.466
IND_FIRM_0060,State_5,Textiles,2023,5.607,21.302,9.034,5.943,0.0147,5.824,0.436
IND_FIRM_0061,State_3,Chemicals,2023,4.387,12.869,13.611,16.742,0.0002,6.558,0.421
IND_FIRM_0062,State_1,Chemicals,2023,3.064,26.536,12.614,11.597,0.0111,5.24,0.463
IND_FIRM_0063,State_4,Textiles,2023,5.086,16.419,7.192,5.684,0.0072,5.036,0.385
IND_FIRM_0064,State_5,Automotive,2023,2.912,22.908,14.231,17.482,0.0132,5.141,0.447
IND_FIRM_0065,State_4,Electronics,2023,3.229,19.749,21.457,19.023,0.009,5.962,0.313
IND_FIRM_0066,State_5,Chemicals,2023,4.438,30.917,11.829,11.108,0.0135,6.27,0.379
IND_FIRM_0067,State_5,Automotive,2023,4.318,22.908,14.231,17.482,0.0132,6.24,0.383
IND_FIRM_0068,State_3,Automotive,2023,5.803,21.519,11.047,12.966,0.0119,5.934,0.382
IND_FIRM_0069,State_5,Electronics,2023,1.829,34.112,11.029,11.43,0.0337,4.765,0.435
IND_FIRM_0070,State_4,Chemicals,2023,4.484,15.082,17.356,14.822,0.004,5.48,0.479
IND_FIRM_0071,State_5,Chemicals,2023,2.931,30.917,11.829,11.108,0.0135,5.039,0.499
IND_FIRM_0072,State_3,Automotive,2023,3.649,21.519,11.047,12.966,0.0119,5.505,0.369
IND_FIRM_0073,State_3,Automotive,2023,4.376,21.519,11.047,12.966,0.0119,5.338,0.337
IND_FIRM_0074,State_4,Electronics,2023,3.535,19.749,21.457,19.023,0.009,5.502,0.409
IND_FIRM_0075,State_2,Electronics,2023,3.826,14.284,9.111,9.07,0.0064,4.928,0.438
IND_FIRM_0076,State_2,Chemicals,2023,2.312,13.712,11.805,17.117,0.0012,4.22,0.368
IND_FIRM_0077,State_5,Textiles,2023,5.077,21.302,9.034,5.943,0.0147,5.692,0.526
IND_FIRM_0078,State_1,Chemicals,2023,6.723,26.536,12.614,11.597,0.0111,7.077,0.434
IND_FIRM_0079,State_5,Automotive,2023,3.061,22.908,14.231,17.482,0.0132,5.631,0.429
IND_FIRM_0080,State_4,Chemicals,2023,3.375,15.082,17.356,14.822,0.004,5.09,0.421
IND_FIRM_0081,State_4,Textiles,2023,7.68,16.419,7.192,5.684,0.0072,6.489,0.444
IND_FIRM_0082,State_4,Electronics,2023,3.054,19.749,21.457,19.023,0.009,5.667,0.444
IND_FIRM_0083,State_4,Textiles,2023,5.443,16.419,7.192,5.684,0.0072,5.377,0.395
IND_FIRM_0084,State_4,Textiles,2023,6.323,16.419,7.192,5.684,0.0072,5.715,0.297
IND_FIRM_0085,State_3,Textiles,2023,4.189,54.818,4.925,3.638,0.053,5.523,0.466
IND_FIRM_0086,State_2,Electronics,2023,4.161,14.284,9.111,9.07,0.0064,4.971,0.387
IND_FIRM_0087,State_4,Textiles,2023,3.646,16.419,7.192,5.684,0.0072,5.049,0.374
IND_FIRM_0088,State_1,Textiles,2023,6.715,22.004,8.524,5.871,0.0137,6.227,0.433
IND_FIRM_0089,State_1,Textiles,2023,4.859,22.004,8.524,5.871,0.0137,5.342,0.368
IND_FIRM_0090,State_1,Automotive,2023,2.982,15.242,17.355,21.137,0.006,5.714,0.408
IND_FIRM_0091,State_1,Textiles,2023,5.407,22.004,8.524,5.871,0.0137,5.108,0.42
IND_FIRM_0092,State_3,Electronics,2023,4.741,25.504,10.483,10.051,0.0198,5.905,0.367
IND_FIRM_0093,State_1,Textiles,2023,6.923,22.004,8.524,5.871,0.0137,6.998,0.324
IND_FIRM_0094,State_4,Textiles,2023,5.626,16.419,7.192,5.684,0.0072,5.823,0.388
IND_FIRM_0095,State_5,Electronics,2023,3.34,34.112,11.029,11.43,0.0337,5.36,0.404
IND_FIRM_0096,State_1,Textiles,2023,5.431,22.004,8.524,5.871,0.0137,5.594,0.39
IND_FIRM_0097,State_3,Electronics,2023,5.543,25.504,10.483,10.051,0.0198,5.843,0.404
IND_FIRM_0098,State_3,Textiles,2023,2.388,54.818,4.925,3.638,0.053,5.019,0.391
IND_FIRM_0099,State_1,Electronics,2023,3.782,49.1,8.326,8.891,0.0481,5.45,0.475
IND_FIRM_0100,State_5,Textiles,2023,3.036,21.302,9.034,5.943,0.0147,4.639,0.438
IND_FIRM_0101,State_1,Textiles,2023,4.567,22.004,8.524,5.871,0.0137,5.529,0.393
IND_FIRM_0102,State_3,Automotive,2023,3.971,21.519,11.047,12.966,0.0119,5.797,0.449
IND_FIRM_0103,State_2,Automotive,2023,6.335,14.545,9.005,10.404,0.0052,5.957,0.458
IND_FIRM_0104,State_4,Textiles,2023,4.431,16.419,7.192,5.684,0.0072,4.8,0.505
IND_FIRM_0105,State_3,Textiles,2023,2.739,54.818,4.925,3.638,0.053,4.576,0.411
IND_FIRM_0106,State_1,Chemicals,2023,3.693,26.536,12.614,11.597,0.0111,5.642,0.327
IND_FIRM_0107,State_4,Electronics,2023,1.323,19.749,21.457,19.023,0.009,4.836,0.43
IND_FIRM_0108,State_1,Chemicals,2023,3.152,26.536,12.614,11.597,0.0111,5.074,0.42
IND_FIRM_0109,State_1,Automotive,2023,3.325,15.242,17.355,21.137,0.006,5.562,0.217
IND_FIRM_0110,State_2,Automotive,2023,3.179,14.545,9.005,10.404,0.0052,4.467,0.306
IND_FIRM_0111,State_4,Automotive,2023,3.145,63.758,8.02,9.762,0.0539,5.756,0.303
IND_FIRM_0112,State_4,Automotive,2023,2.083,63.758,8.02,9.762,0.0539,5.618,0.473
IND_FIRM_0113,State_2,Textiles,2023,4.857,67.534,4.184,2.813,0.0717,6.315,0.402
IND_FIRM_0114,State_3,Automotive,2023,2.29,21.519,11.047,12.966,0.0119,4.186,0.34
IND_FIRM_0115,State_1,Textiles,2023,3.95,22.004,8.524,5.871,0.0137,4.76,0.36
IND_FIRM_0116,State_5,Textiles,2023,5.009,21.302,9.034,5.943,0.0147,6.027,0.405
IND_FIRM_0117,State_1,Automotive,2023,2.445,15.242,17.355,21.137,0.006,5.106,0.401
IND_FIRM_0118,State_1,Automotive,2023,2.868,15.242,17.355,21.137,0.006,5.601,0.454
IND_FIRM_0119,State_3,Electronics,2023,3.723,25.504,10.483,10.051,0.0198,5.503,0.455
IND_FIRM_0120,State_1,Chemicals,2023,4.526,26.536,12.614,11.597,0.0111,5.481,0.447
IND_FIRM_0121,State_2,Automotive,2023,4.092,14.545,9.005,10.404,0.0052,5.382,0.435
IND_FIRM_0122,State_2,Electronics,2023,5.051,14.284,9.111,9.07,0.0064,5.376,0.39
IND_FIRM_0123,State_4,Electronics,2023,1.334,19.749,21.457,19.023,0.009,4.747,0.321
IND_FIRM_0124,State_5,Chemicals,2023,4.671,30.917,11.829,11.108,0.0135,5.779,0.412
IND_FIRM_0125,State_1,Textiles,2023,4.96,22.004,8.524,5.871,0.0137,5.513,0.335
IND_FIRM_0126,State_1,Automotive,2023,2.448,15.242,17.355,21.137,0.006,5.547,0.424
IND_FIRM_0127,State_3,Chemicals,2023,6.649,12.869,13.611,16.742,0.0002,6.606,0.399
IND_FIRM_0128,State_2,Automotive,2023,3.536,14.545,9.005,10.404,0.0052,4.733,0.389
IND_FIRM_0129,State_5,Electronics,2023,4.773,34.112,11.029,11.43,0.0337,6.153,0.474
IND_FIRM_0130,State_4,Electronics,2023,-0.319,19.749,21.457,19.023,0.009,4.149,0.385
IND_FIRM_0131,State_2,Textiles,2023,1.66,67.534,4.184,2.813,0.0717,4.147,0.493
IND_FIRM_0132,State_4,Electronics,2023,1.104,19.749,21.457,19.023,0.009,5.15,0.364
IND_FIRM_0133,State_3,Electronics,2023,3.27,25.504,10.483,10.051,0.0198,5.112,0.571
IND_FIRM_0134,State_3,Chemicals,2023,4.086,12.869,13.611,16.742,0.0002,5.388,0.396
IND_FIRM_0135,State_1,Automotive,2023,3.043,15.242,17.355,21.137,0.006,6.224,0.396
IND_FIRM_0136,State_5,Automotive,2023,2.848,22.908,14.231,17.482,0.0132,5.29,0.447
IND_FIRM_0137,State_4,Chemicals,2023,3.797,15.082,17.356,14.822,0.004,5.362,0.387
IND_FIRM_0138,State_2,Textiles,2023,3.674,67.534,4.184,2.813,0.0717,5.417,0.285
IND_FIRM_0139,State_3,Automotive,2023,4.464,21.519,11.047,12.966,0.0119,5.998,0.381
IND_FIRM_0140,State_1,Electronics,2023,1.632,49.1,8.326,8.891,0.0481,4.956,0.426
IND_FIRM_0141,State_1,Automotive,2023,2.994,15.242,17.355,21.137,0.006,5.333,0.281
IND_FIRM_0142,State_4,Electronics,2023,2.51,19.749,21.457,19.023,0.009,5.416,0.362
IND_FIRM_0143,State_3,Textiles,2023,4.746,54.818,4.925,3.638,0.053,5.559,0.309
IND_FIRM_0144,State_5,Chemicals,2023,2.643,30.917,11.829,11.108,0.0135,5.448,0.496
IND_FIRM_0145,State_3,Automotive,2023,3.775,21.519,11.047,12.966,0.0119,5.28,0.45
IND_FIRM_0146,State_4,Chemicals,2023,3.515,15.082,17.356,14.822,0.004,5.8,0.402
IND_FIRM_0147,State_4,Automotive,2023,2.315,63.758,8.02,9.762,0.0539,4.851,0.43
IND_FIRM_0148,State_3,Electronics,2023,3.48,25.504,10.483,10.051,0.0198,4.925,0.439
IND_FIRM_0149,State_4,Chemicals,2023,3.498,15.082,17.356,14.822,0.004,5.549,0.318
IND_FIRM_0150,State_3,Automotive,2023,4.469,21.519,11.047,12.966,0.0119,5.292,0.363
IND_FIRM_0151,State_2,Electronics,2023,6.347,14.284,9.111,9.07,0.0064,5.97,0.397
IND_FIRM_0152,State_3,Chemicals,2023,3.196,12.869,13.611,16.742,0.0002,4.791,0.431
IND_FIRM_0153,State_3,Chemicals,2023,3.643,12.869,13.611,16.742,0.0002,5.266,0.399
IND_FIRM_0154,State_4,Automotive,2023,2.495,63.758,8.02,9.762,0.0539,5.35,0.504
IND_FIRM_0155,State_4,Automotive,2023,3.204,63.758,8.02,9.762,0.0539,5.945,0.451
IND_FIRM_0156,State_1,Automotive,2023,2.319,15.242,17.355,21.137,0.006,5.249,0.391
IND_FIRM_0157,State_1,Electronics,2023,2.993,49.1,8.326,8.891,0.0481,5.889,0.454
IND_FIRM_0158,State_2,Automotive,2023,5.025,14.545,9.005,10.404,0.0052,5.221,0.351
IND_FIRM_0159,State_1,Chemicals,2023,5.539,26.536,12.614,11.597,0.0111,6.31,0.413
IND_FIRM_0160,State_3,Chemicals,2023,3.162,12.869,13.611,16.742,0.0002,4.873,0.42
IND_FIRM_0161,State_4,Automotive,2023,1.962,63.758,8.02,9.762,0.0539,5.107,0.387
IND_FIRM_0162,State_1,Automotive,2023,1.902,15.242,17.355,21.137,0.006,4.83,0.413
IND_FIRM_0163,State_1,Textiles,2023,2.921,22.004,8.524,5.871,0.0137,4.546,0.407
IND_FIRM_0164,State_2,Chemicals,2023,5.636,13.712,11.805,17.117,0.0012,6.706,0.343
IND_FIRM_0165,State_2,Electronics,2023,3.199,14.284,9.111,9.07,0.0064,4.814,0.352
IND_FIRM_0166,State_3,Textiles,2023,2.793,54.818,4.925,3.638,0.053,4.857,0.369
IND_FIRM_0167,State_4,Automotive,2023,4.423,63.758,8.02,9.762,0.0539,6.468,0.31
IND_FIRM_0168,State_2,Automotive,2023,2.792,14.545,9.005,10.404,0.0052,5.006,0.414
IND_FIRM_0169,State_1,Chemicals,2023,4.346,26.536,12.614,11.597,0.0111,6.094,0.409
IND_FIRM_0170,State_4,Automotive,2023,0.909,63.758,8.02,9.762,0.0539,4.878,0.389
IND_FIRM_0171,State_4,Electronics,2023,3.8,19.749,21.457,19.023,0.009,6.225,0.453
IND_FIRM_0172,State_1,Chemicals,2023,2.356,26.536,12.614,11.597,0.0111,4.418,0.387
IND_FIRM_0173,State_2,Automotive,2023,3.053,14.545,9.005,10.404,0.0052,4.79,0.32
IND_FIRM_0174,State_1,Chemicals,2023,3.328,26.536,12.614,11.597,0.0111,4.976,0.369
IND_FIRM_0175,State_4,Automotive,2023,3.121,63.758,8.02,9.762,0.0539,6.1,0.434
IND_FIRM_0176,State_5,Automotive,2023,3.263,22.908,14.231,17.482,0.0132,5.553,0.385
IND_FIRM_0177,State_5,Automotive,2023,2.472,22.908,14.231,17.482,0.0132,5.108,0.44
IND_FIRM_0178,State_3,Electronics,2023,5.471,25.504,10.483,10.051,0.0198,6.038,0.289
IND_FIRM_0179,State_1,Electronics,2023,5.548,49.1,8.326,8.891,0.0481,6.197,0.371
IND_FIRM_0180,State_1,Chemicals,2023,4.063,26.536,12.614,11.597,0.0111,5.725,0.427
IND_FIRM_0181,State_3,Automotive,2023,3.344,21.519,11.047,12.966,0.0119,5.236,0.398
IND_FIRM_0182,State_3,Automotive,2023,3.858,21.519,11.047,12.966,0.0119,5.332,0.298
IND_FIRM_0183,State_3,Electronics,2023,2.768,25.504,10.483,10.051,0.0198,4.798,0.406
IND_FIRM_0184,State_4,Automotive,2023,3.091,63.758,8.02,9.762,0.0539,5.252,0.395
IND_FIRM_0185,State_1,Electronics,2023,1.775,49.1,8.326,8.891,0.0481,4.647,0.385
IND_FIRM_0186,State_4,Automotive,2023,2.754,63.758,8.02,9.762,0.0539,6.008,0.37
IND_FIRM_0187,State_3,Chemicals,2023,6.41,12.869,13.611,16.742,0.0002,5.969,0.465
IND_FIRM_0188,State_1,Automotive,2023,3.257,15.242,17.355,21.137,0.006,6.12,0.378
IND_FIRM_0189,State_4,Automotive,2023,2.134,63.758,8.02,9.762,0.0539,5.494,0.4
IND_FIRM_0190,State_4,Textiles,2023,5.685,16.419,7.192,5.684,0.0072,5.989,0.407
IND_FIRM_0191,State_3,Electronics,2023,5.645,25.504,10.483,10.051,0.0198,6.516,0.385
IND_FIRM_0192,State_1,Automotive,2023,4.548,15.242,17.355,21.137,0.006,6.43,0.421
IND_FIRM_0193,State_3,Automotive,2023,2.889,21.519,11.047,12.966,0.0119,4.56,0.353
IND_FIRM_0194,State_1,Textiles,2023,5.78,22.004,8.524,5.871,0.0137,5.442,0.514
IND_FIRM_0195,State_5,Textiles,2023,4.639,21.302,9.034,5.943,0.0147,5.582,0.373
IND_FIRM_0196,State_2,Electronics,2023,5.586,14.284,9.111,9.07,0.0064,6.043,0.45
IND_FIRM_0197,State_2,Textiles,2023,3.696,67.534,4.184,2.813,0.0717,5.969,0.463
IND_FIRM_0198,State_2,Chemicals,2023,2.062,13.712,11.805,17.117,0.0012,4.752,0.376
IND_FIRM_0199,State_3,Textiles,2023,3.222,54.818,4.925,3.638,0.053,5.056,0.421
IND_FIRM_0200,State_5,Chemicals,2023,3.983,30.917,11.829,11.108,0.0135,5.465,0.452
IND_FIRM_0201,State_1,Electronics,2023,1.401,49.1,8.326,8.891,0.0481,4.524,0.442
IND_FIRM_0202,State_4,Electronics,2023,2.546,19.749,21.457,19.023,0.009,5.964,0.47
IND_FIRM_0203,State_1,Electronics,2023,2.036,49.1,8.326,8.891,0.0481,4.841,0.447
IND_FIRM_0204,State_4,Electronics,2023,1.814,19.749,21.457,19.023,0.009,5.143,0.397
IND_FIRM_0205,State_1,Electronics,2023,4.38,49.1,8.326,8.891,0.0481,5.86,0.4
IND_FIRM_0206,State_5,Chemicals,2023,2.638,30.917,11.829,11.108,0.0135,5.093,0.38
IND_FIRM_0207,State_4,Chemicals,2023,4.074,15.082,17.356,14.822,0.004,5.939,0.352
IND_FIRM_0208,State_3,Electronics,2023,2.744,25.504,10.483,10.051,0.0198,4.575,0.431
IND_FIRM_0209,State_1,Textiles,2023,7.52,22.004,8.524,5.871,0.0137,6.401,0.419
IND_FIRM_0210,State_1,Automotive,2023,2.879,15.242,17.355,21.137,0.006,5.396,0.496
IND_FIRM_0211,State_4,Electronics,2023,1.958,19.749,21.457,19.023,0.009,5.591,0.376
IND_FIRM_0212,State_3,Textiles,2023,3.619,54.818,4.925,3.638,0.053,5.518,0.442
IND_FIRM_0213,State_3,Automotive,2023,4.551,21.519,11.047,12.966,0.0119,6.248,0.376
IND_FIRM_0214,State_5,Electronics,2023,2.223,34.112,11.029,11.43,0.0337,4.845,0.469
IND_FIRM_0215,State_3,Electronics,2023,4.343,25.504,10.483,10.051,0.0198,5.641,0.382
IND_FIRM_0216,State_3,Chemicals,2023,3.205,12.869,13.611,16.742,0.0002,4.923,0.379
IND_FIRM_0217,State_3,Automotive,2023,2.907,21.519,11.047,12.966,0.0119,4.539,0.414
IND_FIRM_0218,State_2,Automotive,2023,6.126,14.545,9.005,10.404,0.0052,6.154,0.436
IND_FIRM_0219,State_5,Textiles,2023,4.506,21.302,9.034,5.943,0.0147,5.085,0.437
IND_FIRM_0220,State_1,Chemicals,2023,3.447,26.536,12.614,11.597,0.0111,5.512,0.44
IND_FIRM_0221,State_4,Chemicals,2023,3.061,15.082,17.356,14.822,0.004,5.617,0.451
IND_FIRM_0222,State_1,Chemicals,2023,3.997,26.536,12.614,11.597,0.0111,5.374,0.4
IND_FIRM_0223,State_5,Chemicals,2023,5.478,30.917,11.829,11.108,0.0135,6.292,0.351
IND_FIRM_0224,State_4,Automotive,2023,2.434,63.758,8.02,9.762,0.0539,5.676,0.418
IND_FIRM_0225,State_5,Automotive,2023,1.524,22.908,14.231,17.482,0.0132,4.596,0.434
IND_FIRM_0226,State_3,Electronics,2023,2.95,25.504,10.483,10.051,0.0198,5.025,0.34
IND_FIRM_0227,State_4,Electronics,2023,2.964,19.749,21.457,19.023,0.009,5.817,0.398
IND_FIRM_0228,State_3,Chemicals,2023,5.07,12.869,13.611,16.742,0.0002,5.927,0.345
IND_FIRM_0229,State_1,Chemicals,2023,2.743,26.536,12.614,11.597,0.0111,4.873,0.486
IND_FIRM_0230,State_1,Chemicals,2023,4.3,26.536,12.614,11.597,0.0111,5.765,0.515
IND_FIRM_0231,State_4,Electronics,2023,-0.033,19.749,21.457,19.023,0.009,4.499,0.304
IND_FIRM_0232,State_4,Textiles,2023,6.057,16.419,7.192,5.684,0.0072,5.792,0.409
IND_FIRM_0233,State_5,Textiles,2023,3.702,21.302,9.034,5.943,0.0147,4.589,0.42
IND_FIRM_0234,State_5,Electronics,2023,3.6,34.112,11.029,11.43,0.0337,5.558,0.368
IND_FIRM_0235,State_3,Electronics,2023,5.426,25.504,10.483,10.051,0.0198,6.306,0.445
IND_FIRM_0236,State_4,Electronics,2023,3.016,19.749,21.457,19.023,0.009,5.563,0.367
IND_FIRM_0237,State_1,Electronics,2023,4.075,49.1,8.326,8.891,0.0481,6.029,0.405
IND_FIRM_0238,State_5,Electronics,2023,3.874,34.112,11.029,11.43,0.0337,5.911,0.34
IND_FIRM_0239,State_5,Electronics,2023,5.276,34.112,11.029,11.43,0.0337,6.213,0.425
IND_FIRM_0240,State_1,Chemicals,2023,4.58,26.536,12.614,11.597,0.0111,6.028,0.497
IND_FIRM_0241,State_5,Chemicals,2023,2.823,30.917,11.829,11.108,0.0135,4.931,0.33
IND_FIRM_0242,State_3,Chemicals,2023,4.84,12.869,13.611,16.742,0.0002,5.612,0.467
IND_FIRM_0243,State_4,Chemicals,2023,2.123,15.082,17.356,14.822,0.004,4.828,0.431
IND_FIRM_0244,State_1,Electronics,2023,2.515,49.1,8.326,8.891,0.0481,5.353,0.351
IND_FIRM_0245,State_4,Textiles,2023,6.292,16.419,7.192,5.684,0.0072,5.855,0.491
IND_FIRM_0246,State_5,Automotive,2023,2.618,22.908,14.231,17.482,0.0132,5.591,0.453
IND_FIRM_0247,State_5,Electronics,2023,3.939,34.112,11.029,11.43,0.0337,5.771,0.495
IND_FIRM_0248,State_1,Automotive,2023,2.629,15.242,17.355,21.137,0.006,5.527,0.404
IND_FIRM_0249,State_3,Textiles,2023,4.841,54.818,4.925,3.638,0.053,6.007,0.424
IND_FIRM_0250,State_2,Chemicals,2023,4.647,13.712,11.805,17.117,0.0012,5.152,0.493
IND_FIRM_0251,State_1,Textiles,2023,4.384,22.004,8.524,5.871,0.0137,5.439,0.441
IND_FIRM_0252,State_2,Electronics,2023,6.439,14.284,9.111,9.07,0.0064,5.935,0.481
IND_FIRM_0253,State_2,Chemicals,2023,2.437,13.712,11.805,17.117,0.0012,4.761,0.367
IND_FIRM_0254,State_3,Electronics,2023,4.942,25.504,10.483,10.051,0.0198,5.881,0.37
IND_FIRM_0255,State_2,Chemicals,2023,2.625,13.712,11.805,17.117,0.0012,4.997,0.314
IND_FIRM_0256,State_2,Automotive,2023,5.867,14.545,9.005,10.404,0.0052,6.35,0.384
IND_FIRM_0257,State_3,Automotive,2023,4.007,21.519,11.047,12.966,0.0119,5.275,0.388
IND_FIRM_0258,State_2,Automotive,2023,5.541,14.545,9.005,10.404,0.0052,5.79,0.419
IND_FIRM_0259,State_2,Textiles,2023,3.478,67.534,4.184,2.813,0.0717,5.511,0.393
IND_FIRM_0260,State_2,Electronics,2023,2.697,14.284,9.111,9.07,0.0064,4.355,0.379
IND_FIRM_0261,State_1,Textiles,2023,4.203,22.004,8.524,5.871,0.0137,5.481,0.441
IND_FIRM_0262,State_1,Automotive,2023,3.988,15.242,17.355,21.137,0.006,5.882,0.372
IND_FIRM_0263,State_1,Electronics,2023,4.474,49.1,8.326,8.891,0.0481,5.816,0.35
IND_FIRM_0264,State_3,Automotive,2023,4.488,21.519,11.047,12.966,0.0119,5.514,0.442
IND_FIRM_0265,State_5,Textiles,2023,3.426,21.302,9.034,5.943,0.0147,5.051,0.464
IND_FIRM_0266,State_2,Textiles,2023,4.805,67.534,4.184,2.813,0.0717,5.612,0.467
IND_FIRM_0267,State_2,Textiles,2023,4.137,67.534,4.184,2.813,0.0717,5.948,0.315
IND_FIRM_0268,State_3,Automotive,2023,3.308,21.519,11.047,12.966,0.0119,5.601,0.403
IND_FIRM_0269,State_2,Electronics,2023,6.665,14.284,9.111,9.07,0.0064,6.309,0.317
IND_FIRM_0270,State_1,Electronics,2023,2.343,49.1,8.326,8.891,0.0481,5.241,0.397
IND_FIRM_0271,State_5,Automotive,2023,3.114,22.908,14.231,17.482,0.0132,5.257,0.37
IND_FIRM_0272,State_4,Electronics,2023,0.379,19.749,21.457,19.023,0.009,4.44,0.389
IND_FIRM_0273,State_2,Automotive,2023,5.38,14.545,9.005,10.404,0.0052,5.863,0.415
IND_FIRM_0274,State_1,Electronics,2023,3.544,49.1,8.326,8.891,0.0481,5.817,0.362
IND_FIRM_0275,State_4,Chemicals,2023,1.269,15.082,17.356,14.822,0.004,4.363,0.348
IND_FIRM_0276,State_5,Chemicals,2023,1.585,30.917,11.829,11.108,0.0135,4.92,0.353
IND_FIRM_0277,State_4,Textiles,2023,4.912,16.419,7.192,5.684,0.0072,5.082,0.384
IND_FIRM_0278,State_1,Chemicals,2023,4.379,26.536,12.614,11.597,0.0111,5.697,0.432
IND_FIRM_0279,State_4,Chemicals,2023,3.371,15.082,17.356,14.822,0.004,5.509,0.402
IND_FIRM_0280,State_3,Chemicals,2023,3.061,12.869,13.611,16.742,0.0002,5.254,0.449
IND_FIRM_0281,State_4,Automotive,2023,1.388,63.758,8.02,9.762,0.0539,5.063,0.495
IND_FIRM_0282,State_2,Chemicals,2023,2.807,13.712,11.805,17.117,0.0012,5.21,0.401
IND_FIRM_0283,State_2,Chemicals,2023,2.667,13.712,11.805,17.117,0.0012,4.152,0.407
IND_FIRM_0284,State_3,Textiles,2023,2.346,54.818,4.925,3.638,0.053,4.513,0.318
IND_FIRM_0285,State_1,Chemicals,2023,2.517,26.536,12.614,11.597,0.0111,4.804,0.406
IND_FIRM_0286,State_2,Chemicals,2023,4.994,13.712,11.805,17.117,0.0012,5.717,0.468
IND_FIRM_0287,State_5,Electronics,2023,3.191,34.112,11.029,11.43,0.0337,5.272,0.475
IND_FIRM_0288,State_2,Textiles,2023,2.447,67.534,4.184,2.813,0.0717,5.111,0.289
IND_FIRM_0289,State_2,Textiles,2023,5.281,67.534,4.184,2.813,0.0717,6.5,0.447
IND_FIRM_0290,State_1,Textiles,2023,3.528,22.004,8.524,5.871,0.0137,5.259,0.392
IND_FIRM_0291,State_4,Textiles,2023,7.092,16.419,7.192,5.684,0.0072,6.207,0.458
IND_FIRM_0292,State_2,Textiles,2023,4.847,67.534,4.184,2.813,0.0717,6.204,0.446
IND_FIRM_0293,State_3,Textiles,2023,2.357,54.818,4.925,3.638,0.053,4.809,0.456
IND_FIRM_0294,State_4,Automotive,2023,2.455,63.758,8.02,9.762,0.0539,5.626,0.305
IND_FIRM_0295,State_5,Chemicals,2023,2.861,30.917,11.829,11.108,0.0135,5.43,0.512
IND_FIRM_0296,State_1,Textiles,2023,3.799,22.004,8.524,5.871,0.0137,5.165,0.38
IND_FIRM_0297,State_5,Chemicals,2023,4.371,30.917,11.829,11.108,0.0135,5.718,0.411
IND_FIRM_0298,State_4,Chemicals,2023,2.935,15.082,17.356,14.822,0.004,5.512,0.329
IND_FIRM_0299,State_4,Automotive,2023,1.715,63.758,8.02,9.762,0.0539,5.008,0.32
IND_FIRM_0300,State_4,Textiles,2023,4.925,16.419,7.192,5.684,0.0072,5.334,0.405
IND_FIRM_0301,State_5,Electronics,2023,2.734,34.112,11.029,11.43,0.0337,5.31,0.341
IND_FIRM_0302,State_4,Automotive,2023,0.972,63.758,8.02,9.762,0.0539,4.48,0.325
IND_FIRM_0303,State_5,Electronics,2023,4.204,34.112,11.029,11.43,0.0337,5.925,0.368
IND_FIRM_0304,State_4,Chemicals,2023,4.829,15.082,17.356,14.822,0.004,6.258,0.441
IND_FIRM_0305,State_3,Chemicals,2023,4.39,12.869,13.611,16.742,0.0002,5.511,0.41
IND_FIRM_0306,State_4,Automotive,2023,1.735,63.758,8.02,9.762,0.0539,4.988,0.411
IND_FIRM_0307,State_5,Automotive,2023,2.477,22.908,14.231,17.482,0.0132,5.061,0.31
IND_FIRM_0308,State_2,Electronics,2023,4.207,14.284,9.111,9.07,0.0064,5.327,0.41
IND_FIRM_0309,State_4,Textiles,2023,7.822,16.419,7.192,5.684,0.0072,6.715,0.454
IND_FIRM_0310,State_2,Electronics,2023,6.017,14.284,9.111,9.07,0.0064,5.88,0.392
IND_FIRM_0311,State_3,Automotive,2023,3.652,21.519,11.047,12.966,0.0119,4.972,0.437
IND_FIRM_0312,State_1,Electronics,2023,3.241,49.1,8.326,8.891,0.0481,5.392,0.41
IND_FIRM_0313,State_3,Automotive,2023,3.755,21.519,11.047,12.966,0.0119,5.474,0.375
IND_FIRM_0314,State_4,Electronics,2023,2.925,19.749,21.457,19.023,0.009,5.62,0.395
IND_FIRM_0315,State_2,Automotive,2023,5.478,14.545,9.005,10.404,0.0052,5.856,0.32
IND_FIRM_0316,State_2,Automotive,2023,5.401,14.545,9.005,10.404,0.0052,6.06,0.373
IND_FIRM_0317,State_5,Automotive,2023,2.642,22.908,14.231,17.482,0.0132,4.677,0.379
IND_FIRM_0318,State_2,Textiles,2023,3.37,67.534,4.184,2.813,0.0717,5.68,0.355
IND_FIRM_0319,State_5,Electronics,2023,1.179,34.112,11.029,11.43,0.0337,4.86,0.402
IND_FIRM_0320,State_1,Electronics,2023,2.027,49.1,8.326,8.891,0.0481,5.198,0.338
IND_FIRM_0321,State_4,Electronics,2023,3.114,19.749,21.457,19.023,0.009,5.788,0.354
IND_FIRM_0322,State_5,Automotive,2023,2.023,22.908,14.231,17.482,0.0132,4.953,0.372
IND_FIRM_0323,State_1,Electronics,2023,2.809,49.1,8.326,8.891,0.0481,4.773,0.378
IND_FIRM_0324,State_2,Electronics,2023,5.234,14.284,9.111,9.07,0.0064,5.563,0.424
IND_FIRM_0325,State_2,Automotive,2023,5.503,14.545,9.005,10.404,0.0052,5.767,0.44
IND_FIRM_0326,State_1,Chemicals,2023,2.578,26.536,12.614,11.597,0.0111,5.117,0.38
IND_FIRM_0327,State_2,Automotive,2023,1.261,14.545,9.005,10.404,0.0052,3.742,0.383
IND_FIRM_0328,State_1,Electronics,2023,2.172,49.1,8.326,8.891,0.0481,5.03,0.446
IND_FIRM_0329,State_5,Automotive,2023,4.074,22.908,14.231,17.482,0.0132,6.017,0.374
IND_FIRM_0330,State_5,Chemicals,2023,3.837,30.917,11.829,11.108,0.0135,5.652,0.486
IND_FIRM_0331,State_1,Automotive,2023,4.005,15.242,17.355,21.137,0.006,5.987,0.374
IND_FIRM_0332,State_5,Electronics,2023,2.725,34.112,11.029,11.43,0.0337,5.519,0.346
IND_FIRM_0333,State_5,Chemicals,2023,1.814,30.917,11.829,11.108,0.0135,4.75,0.47
IND_FIRM_0334,State_5,Textiles,2023,5.105,21.302,9.034,5.943,0.0147,5.868,0.303
IND_FIRM_0335,State_3,Electronics,2023,3.971,25.504,10.483,10.051,0.0198,5.742,0.394
IND_FIRM_0336,State_4,Chemicals,2023,4.102,15.082,17.356,14.822,0.004,5.631,0.477
IND_FIRM_0337,State_2,Chemicals,2023,5.022,13.712,11.805,17.117,0.0012,6.056,0.348
IND_FIRM_0338,State_3,Textiles,2023,5.012,54.818,4.925,3.638,0.053,5.938,0.362
IND_FIRM_0339,State_5,Automotive,2023,4.212,22.908,14.231,17.482,0.0132,5.788,0.419
IND_FIRM_0340,State_1,Automotive,2023,3.815,15.242,17.355,21.137,0.006,5.861,0.4
IND_FIRM_0341,State_5,Electronics,2023,4.464,34.112,11.029,11.43,0.0337,5.721,0.334
IND_FIRM_0342,State_4,Textiles,2023,6.009,16.419,7.192,5.684,0.0072,5.834,0.394
IND_FIRM_0343,State_5,Automotive,2023,3.615,22.908,14.231,17.482,0.0132,6.063,0.391
IND_FIRM_0344,State_1,Textiles,2023,6.59,22.004,8.524,5.871,0.0137,6.134,0.417
IND_FIRM_0345,State_4,Automotive,2023,2.044,63.758,8.02,9.762,0.0539,5.555,0.416
IND_FIRM_0346,State_5,Chemicals,2023,4.254,30.917,11.829,11.108,0.0135,5.718,0.444
IND_FIRM_0347,State_4,Automotive,2023,2.162,63.758,8.02,9.762,0.0539,5.619,0.379
IND_FIRM_0348,State_2,Textiles,2023,2.502,67.534,4.184,2.813,0.0717,5.153,0.443
IND_FIRM_0349,State_2,Chemicals,2023,3.132,13.712,11.805,17.117,0.0012,5.083,0.438
IND_FIRM_0350,State_5,Chemicals,2023,4.303,30.917,11.829,11.108,0.0135,5.792,0.349
IND_FIRM_0351,State_4,Chemicals,2023,4.248,15.082,17.356,14.822,0.004,6.167,0.431
IND_FIRM_0352,State_1,Textiles,2023,5.546,22.004,8.524,5.871,0.0137,5.561,0.469
IND_FIRM_0353,State_5,Electronics,2023,3.265,34.112,11.029,11.43,0.0337,5.36,0.396
IND_FIRM_0354,State_2,Electronics,2023,4.962,14.284,9.111,9.07,0.0064,5.482,0.386
IND_FIRM_0355,State_2,Electronics,2023,5.881,14.284,9.111,9.07,0.0064,5.798,0.367
IND_FIRM_0356,State_5,Textiles,2023,3.177,21.302,9.034,5.943,0.0147,4.592,0.361
IND_FIRM_0357,State_4,Chemicals,2023,3.898,15.082,17.356,14.822,0.004,5.582,0.447
IND_FIRM_0358,State_2,Electronics,2023,5.089,14.284,9.111,9.07,0.0064,5.876,0.441
IND_FIRM_0359,State_4,Textiles,2023,6.176,16.419,7.192,5.684,0.0072,5.876,0.43
IND_FIRM_0360,State_2,Electronics,2023,2.817,14.284,9.111,9.07,0.0064,4.904,0.442
IND_FIRM_0361,State_2,Automotive,2023,6.185,14.545,9.005,10.404,0.0052,6.181,0.299
IND_FIRM_0362,State_3,Electronics,2023,3.992,25.504,10.483,10.051,0.0198,5.467,0.338
IND_FIRM_0363,State_2,Electronics,2023,4.74,14.284,9.111,9.07,0.0064,5.76,0.362
IND_FIRM_0364,State_1,Chemicals,2023,3.39,26.536,12.614,11.597,0.0111,5.325,0.271
IND_FIRM_0365,State_5,Textiles,2023,5.584,21.302,9.034,5.943,0.0147,5.923,0.399
IND_FIRM_0366,State_5,Chemicals,2023,3.82,30.917,11.829,11.108,0.0135,4.997,0.372
IND_FIRM_0367,State_4,Chemicals,2023,4.809,15.082,17.356,14.822,0.004,6.08,0.356
IND_FIRM_0368,State_2,Chemicals,2023,2.585,13.712,11.805,17.117,0.0012,4.774,0.427
IND_FIRM_0369,State_1,Chemicals,2023,3.859,26.536,12.614,11.597,0.0111,5.387,0.47
IND_FIRM_0370,State_4,Chemicals,2023,4.706,15.082,17.356,14.822,0.004,5.844,0.336
IND_FIRM_0371,State_3,Electronics,2023,3.542,25.504,10.483,10.051,0.0198,5.396,0.377
IND_FIRM_0372,State_4,Chemicals,2023,2.684,15.082,17.356,14.822,0.004,5.619,0.477
IND_FIRM_0373,State_4,Chemicals,2023,2.359,15.082,17.356,14.822,0.004,5.301,0.45
IND_FIRM_0374,State_2,Textiles,2023,3.644,67.534,4.184,2.813,0.0717,5.499,0.407
IND_FIRM_0375,State_3,Automotive,2023,2.516,21.519,11.047,12.966,0.0119,4.71,0.326
IND_FIRM_0376,State_4,Electronics,2023,3.206,19.749,21.457,19.023,0.009,6.014,0.414
IND_FIRM_0377,State_1,Electronics,2023,3.099,49.1,8.326,8.891,0.0481,5.118,0.377
IND_FIRM_0378,State_1,Electronics,2023,3.627,49.1,8.326,8.891,0.0481,5.617,0.42
IND_FIRM_0379,State_5,Chemicals,2023,4.732,30.917,11.829,11.108,0.0135,6.047,0.424
IND_FIRM_0380,State_3,Chemicals,2023,3.222,12.869,13.611,16.742,0.0002,5.386,0.437
IND_FIRM_0381,State_3,Chemicals,2023,3.859,12.869,13.611,16.742,0.0002,5.636,0.337
IND_FIRM_0382,State_5,Textiles,2023,2.849,21.302,9.034,5.943,0.0147,4.481,0.354
IND_FIRM_0383,State_4,Automotive,2023,2.8,63.758,8.02,9.762,0.0539,5.687,0.399
IND_FIRM_0384,State_3,Chemicals,2023,5.113,12.869,13.611,16.742,0.0002,5.761,0.348
IND_FIRM_0385,State_1,Automotive,2023,1.178,15.242,17.355,21.137,0.006,4.582,0.409
IND_FIRM_0386,State_1,Textiles,2023,4.347,22.004,8.524,5.871,0.0137,5.104,0.417
IND_FIRM_0387,State_2,Electronics,2023,3.948,14.284,9.111,9.07,0.0064,4.887,0.486
IND_FIRM_0388,State_3,Chemicals,2023,3.72,12.869,13.611,16.742,0.0002,5.451,0.314
IND_FIRM_0389,State_4,Automotive,2023,2.57,63.758,8.02,9.762,0.0539,6.066,0.434
IND_FIRM_0390,State_5,Automotive,2023,4.108,22.908,14.231,17.482,0.0132,5.822,0.389
IND_FIRM_0391,State_5,Chemicals,2023,5.21,30.917,11.829,11.108,0.0135,5.814,0.415
IND_FIRM_0392,State_4,Electronics,2023,4.222,19.749,21.457,19.023,0.009,5.93,0.34
IND_FIRM_0393,State_2,Electronics,2023,4.831,14.284,9.111,9.07,0.0064,5.635,0.43
IND_FIRM_0394,State_5,Electronics,2023,2.171,34.112,11.029,11.43,0.0337,4.665,0.402
IND_FIRM_0395,State_3,Textiles,2023,3.825,54.818,4.925,3.638,0.053,5.561,0.414
IND_FIRM_0396,State_2,Automotive,2023,5.25,14.545,9.005,10.404,0.0052,5.739,0.392
IND_FIRM_0397,State_3,Automotive,2023,2.759,21.519,11.047,12.966,0.0119,4.791,0.439
IND_FIRM_0398,State_1,Automotive,2023,4.231,15.242,17.355,21.137,0.006,6.331,0.434
IND_FIRM_0399,State_2,Textiles,2023,4.686,67.534,4.184,2.813,0.0717,5.679,0.468
IND_FIRM_0400,State_5,Automotive,2023,2.793,22.908,14.231,17.482,0.0132,5.07,0.448
IND_FIRM_0401,State_2,Textiles,2023,2.327,67.534,4.184,2.813,0.0717,5.507,0.337
IND_FIRM_0402,State_2,Electronics,2023,4.006,14.284,9.111,9.07,0.0064,4.606,0.397
IND_FIRM_0403,State_2,Chemicals,2023,4.209,13.712,11.805,17.117,0.0012,5.725,0.402
IND_FIRM_0404,State_2,Automotive,2023,4.716,14.545,9.005,10.404,0.0052,5.245,0.372
IND_FIRM_0405,State_3,Automotive,2023,5.431,21.519,11.047,12.966,0.0119,6.016,0.443
IND_FIRM_0406,State_1,Electronics,2023,3.038,49.1,8.326,8.891,0.0481,5.447,0.296
IND_FIRM_0407,State_4,Chemicals,2023,4.369,15.082,17.356,14.822,0.004,5.597,0.471
IND_FIRM_0408,State_2,Textiles,2023,3.141,67.534,4.184,2.813,0.0717,5.494,0.362
IND_FIRM_0409,State_5,Chemicals,2023,4.093,30.917,11.829,11.108,0.0135,5.274,0.45
IND_FIRM_0410,State_2,Electronics,2023,4.98,14.284,9.111,9.07,0.0064,5.514,0.374
IND_FIRM_0411,State_5,Electronics,2023,4.246,34.112,11.029,11.43,0.0337,6.175,0.342
IND_FIRM_0412,State_3,Chemicals,2023,4.066,12.869,13.611,16.742,0.0002,5.886,0.364
IND_FIRM_0413,State_5,Textiles,2023,5.705,21.302,9.034,5.943,0.0147,5.565,0.387
IND_FIRM_0414,State_4,Textiles,2023,5.781,16.419,7.192,5.684,0.0072,6.358,0.309
IND_FIRM_0415,State_1,Automotive,2023,2.845,15.242,17.355,21.137,0.006,5.244,0.409
IND_FIRM_0416,State_5,Textiles,2023,5.414,21.302,9.034,5.943,0.0147,5.849,0.312
IND_FIRM_0417,State_5,Chemicals,2023,4.485,30.917,11.829,11.108,0.0135,5.553,0.335
IND_FIRM_0418,State_1,Electronics,2023,4.016,49.1,8.326,8.891,0.0481,5.681,0.47
IND_FIRM_0419,State_4,Automotive,2023,1.655,63.758,8.02,9.762,0.0539,4.934,0.429
IND_FIRM_0420,State_2,Automotive,2023,4.38,14.545,9.005,10.404,0.0052,5.416,0.433
IND_FIRM_0421,State_5,Electronics,2023,4.417,34.112,11.029,11.43,0.0337,5.754,0.486
IND_FIRM_0422,State_1,Textiles,2023,4.187,22.004,8.524,5.871,0.0137,5.417,0.44
IND_FIRM_0423,State_3,Electronics,2023,2.643,25.504,10.483,10.051,0.0198,4.649,0.372
IND_FIRM_0424,State_1,Textiles,2023,5.166,22.004,8.524,5.871,0.0137,5.114,0.447
IND_FIRM_0425,State_3,Electronics,2023,3.877,25.504,10.483,10.051,0.0198,4.81,0.425
IND_FIRM_0426,State_4,Chemicals,2023,3.781,15.082,17.356,14.822,0.004,5.317,0.356
IND_FIRM_0427,State_2,Textiles,2023,2.31,67.534,4.184,2.813,0.0717,4.911,0.471
IND_FIRM_0428,State_1,Chemicals,2023,3.596,26.536,12.614,11.597,0.0111,5.648,0.361
IND_FIRM_0429,State_5,Automotive,2023,2.609,22.908,14.231,17.482,0.0132,5.406,0.379
IND_FIRM_0430,State_4,Electronics,2023,3.533,19.749,21.457,19.023,0.009,5.941,0.397
IND_FIRM_0431,State_1,Automotive,2023,2.739,15.242,17.355,21.137,0.006,5.159,0.433
IND_FIRM_0432,State_5,Automotive,2023,2.989,22.908,14.231,17.482,0.0132,5.593,0.361
IND_FIRM_0433,State_1,Automotive,2023,2.323,15.242,17.355,21.137,0.006,5.073,0.42
IND_FIRM_0434,State_3,Automotive,2023,3.413,21.519,11.047,12.966,0.0119,4.996,0.321
IND_FIRM_0435,State_1,Electronics,2023,5.699,49.1,8.326,8.891,0.0481,6.341,0.321
IND_FIRM_0436,State_1,Automotive,2023,2.538,15.242,17.355,21.137,0.006,5.317,0.403
IND_FIRM_0437,State_1,Electronics,2023,3.963,49.1,8.326,8.891,0.0481,5.885,0.382
IND_FIRM_0438,State_4,Electronics,2023,0.803,19.749,21.457,19.023,0.009,4.879,0.347
IND_FIRM_0439,State_1,Chemicals,2023,4.253,26.536,12.614,11.597,0.0111,5.844,0.472
IND_FIRM_0440,State_5,Textiles,2023,5.002,21.302,9.034,5.943,0.0147,5.985,0.298
IND_FIRM_0441,State_3,Textiles,2023,3.492,54.818,4.925,3.638,0.053,5.897,0.34
IND_FIRM_0442,State_3,Electronics,2023,3.746,25.504,10.483,10.051,0.0198,4.985,0.551
IND_FIRM_0443,State_1,Chemicals,2023,3.611,26.536,12.614,11.597,0.0111,5.475,0.425
IND_FIRM_0444,State_4,Electronics,2023,2.871,19.749,21.457,19.023,0.009,5.112,0.522
IND_FIRM_0445,State_4,Electronics,2023,4.81,19.749,21.457,19.023,0.009,6.411,0.445
IND_FIRM_0446,State_5,Electronics,2023,3.143,34.112,11.029,11.43,0.0337,5.726,0.469
IND_FIRM_0447,State_1,Chemicals,2023,4.02,26.536,12.614,11.597,0.0111,6.077,0.4
IND_FIRM_0448,State_3,Textiles,2023,6.154,54.818,4.925,3.638,0.053,6.441,0.421
IND_FIRM_0449,State_4,Chemicals,2023,2.395,15.082,17.356,14.822,0.004,4.848,0.382
IND_FIRM_0450,State_1,Automotive,2023,2.762,15.242,17.355,21.137,0.006,5.787,0.419
IND_FIRM_0451,State_4,Chemicals,2023,3.575,15.082,17.356,14.822,0.004,5.551,0.409
IND_FIRM_0452,State_4,Chemicals,2023,3.667,15.082,17.356,14.822,0.004,5.249,0.341
IND_FIRM_0453,State_3,Chemicals,2023,3.722,12.869,13.611,16.742,0.0002,5.795,0.398
IND_FIRM_0454,State_2,Chemicals,2023,3.751,13.712,11.805,17.117,0.0012,5.043,0.477
IND_FIRM_0455,State_5,Textiles,2023,5.11,21.302,9.034,5.943,0.0147,5.33,0.322
IND_FIRM_0456,State_5,Automotive,2023,2.6,22.908,14.231,17.482,0.0132,5.358,0.365
IND_FIRM_0457,State_3,Textiles,2023,5.48,54.818,4.925,3.638,0.053,5.896,0.484
IND_FIRM_0458,State_4,Textiles,2023,6.469,16.419,7.192,5.684,0.0072,6.245,0.464
IND_FIRM_0459,State_1,Chemicals,2023,3.015,26.536,12.614,11.597,0.0111,4.94,0.386
IND_FIRM_0460,State_4,Electronics,2023,1.81,19.749,21.457,19.023,0.009,5.072,0.374
IND_FIRM_0461,State_3,Electronics,2023,4.348,25.504,10.483,10.051,0.0198,5.659,0.426
IND_FIRM_0462,State_5,Textiles,2023,4.414,21.302,9.034,5.943,0.0147,5.093,0.443
IND_FIRM_0463,State_4,Textiles,2023,7.951,16.419,7.192,5.684,0.0072,6.499,0.479
IND_FIRM_0464,State_5,Chemicals,2023,3.766,30.917,11.829,11.108,0.0135,5.629,0.517
IND_FIRM_0465,State_1,Textiles,2023,5.022,22.004,8.524,5.871,0.0137,5.957,0.401
IND_FIRM_0466,State_5,Chemicals,2023,4.112,30.917,11.829,11.108,0.0135,5.938,0.451
IND_FIRM_0467,State_5,Electronics,2023,2.951,34.112,11.029,11.43,0.0337,5.013,0.207
IND_FIRM_0468,State_2,Electronics,2023,5.802,14.284,9.111,9.07,0.0064,6.033,0.377
IND_FIRM_0469,State_2,Automotive,2023,5.542,14.545,9.005,10.404,0.0052,5.31,0.461
IND_FIRM_0470,State_2,Electronics,2023,5.661,14.284,9.111,9.07,0.0064,6.033,0.43
IND_FIRM_0471,State_5,Textiles,2023,4.298,21.302,9.034,5.943,0.0147,5.531,0.481
IND_FIRM_0472,State_3,Electronics,2023,5.395,25.504,10.483,10.051,0.0198,6.129,0.416
IND_FIRM_0473,State_5,Chemicals,2023,4.099,30.917,11.829,11.108,0.0135,5.558,0.418
IND_FIRM_0474,State_3,Electronics,2023,6.463,25.504,10.483,10.051,0.0198,6.429,0.346
IND_FIRM_0475,State_3,Automotive,2023,4.571,21.519,11.047,12.966,0.0119,5.68,0.41
IND_FIRM_0476,State_2,Electronics,2023,5.124,14.284,9.111,9.07,0.0064,5.704,0.381
IND_FIRM_0477,State_4,Chemicals,2023,2.971,15.082,17.356,14.822,0.004,5.399,0.401
IND_FIRM_0478,State_1,Chemicals,2023,3.591,26.536,12.614,11.597,0.0111,5.25,0.433
IND_FIRM_0479,State_2,Textiles,2023,4.23,67.534,4.184,2.813,0.0717,5.793,0.314
IND_FIRM_0480,State_2,Electronics,2023,6.153,14.284,9.111,9.07,0.0064,5.912,0.348
IND_FIRM_0481,State_4,Chemicals,2023,5.989,15.082,17.356,14.822,0.004,7.267,0.307
IND_FIRM_0482,State_1,Automotive,2023,3.25,15.242,17.355,21.137,0.006,5.942,0.46
IND_FIRM_0483,State_5,Textiles,2023,4.196,21.302,9.034,5.943,0.0147,5.034,0.452
IND_FIRM_0484,State_5,Automotive,2023,4.24,22.908,14.231,17.482,0.0132,6.135,0.557
IND_FIRM_0485,State_2,Electronics,2023,3.879,14.284,9.111,9.07,0.0064,4.918,0.407
IND_FIRM_0486,State_1,Electronics,2023,4.108,49.1,8.326,8.891,0.0481,5.82,0.4
IND_FIRM_0487,State_2,Electronics,2023,4.387,14.284,9.111,9.07,0.0064,5.004,0.427
IND_FIRM_0488,State_3,Textiles,2023,4.299,54.818,4.925,3.638,0.053,5.398,0.516
IND_FIRM_0489,State_2,Chemicals,2023,5.41,13.712,11.805,17.117,0.0012,5.9,0.401
IND_FIRM_0490,State_2,Textiles,2023,3.535,67.534,4.184,2.813,0.0717,5.473,0.34
IND_FIRM_0491,State_5,Automotive,2023,4.064,22.908,14.231,17.482,0.0132,6.19,0.418
IND_FIRM_0492,State_5,Textiles,2023,6.024,21.302,9.034,5.943,0.0147,6.012,0.489
IND_FIRM_0493,State_5,Automotive,2023,1.253,22.908,14.231,17.482,0.0132,4.534,0.457
IND_FIRM_0494,State_3,Textiles,2023,2.364,54.818,4.925,3.638,0.053,4.897,0.385
IND_FIRM_0495,State_5,Chemicals,2023,1.14,30.917,11.829,11.108,0.0135,4.363,0.417
IND_FIRM_0496,State_1,Automotive,2023,5.189,15.242,17.355,21.137,0.006,6.521,0.437
IND_FIRM_0497,State_4,Electronics,2023,2.537,19.749,21.457,19.023,0.009,5.466,0.436
IND_FIRM_0498,State_1,Electronics,2023,5.407,49.1,8.326,8.891,0.0481,6.453,0.421
IND_FIRM_0499,State_1,Textiles,2023,3.41,22.004,8.524,5.871,0.0137,4.725,0.375
IND_FIRM_0500,State_5,Electronics,2023,3.159,34.112,11.029,11.43,0.0337,5.456,0.316
